address,name,mode,confidence
0x080000C0,start_vector,arm,public-crt0-order+arm-semantics+exact-body
0x08000104,IntrMain,arm,public-crt0-order+arm-semantics+exact-body
0x080001D0,MultiSioRecvBufChange,arm,public-multisio-abi+exact-arm-semantics+exact-body
0x08000210,FUN_08000210,thumb,known-entry+rom-pointer+exact-body
0x080003A8,FUN_080003a8,thumb,rom-pointer+exact-body
0x080005AC,FUN_080005ac,thumb,direct-call+exact-body
0x080006D0,FUN_080006d0,thumb,direct-call+exact-body
0x080006EC,FUN_080006ec,thumb,rom-pointer+exact-body
0x08000724,FUN_08000724,thumb,rom-pointer+exact-body
0x08000778,AgbMain,thumb,crt0-pointer+public-linker-order+exact-body
0x080007FC,FUN_080007fc,thumb,direct-call
0x08000A2C,FUN_08000a2c,thumb,direct-call
0x08000CF4,FUN_08000cf4,thumb,direct-call+exact-body
0x08000E04,FUN_08000e04,thumb,direct-call
0x080016C4,FUN_080016c4,thumb,direct-call+exact-body
0x0800186C,FUN_0800186c,thumb,direct-call
0x08001B0C,FUN_08001b0c,thumb,direct-call
0x0800290C,FUN_0800290c,thumb,rom-pointer+direct-call
0x080034F0,FUN_080034f0,thumb,direct-call+exact-body
0x080036DC,FUN_080036dc,thumb,direct-call
0x080040FA,FUN_080040fa,thumb,direct-call
0x0800444C,FUN_0800444c,thumb,direct-call
0x0800486C,FUN_0800486c,thumb,direct-call
0x08005310,FUN_08005310,thumb,direct-call
0x0800597C,FUN_0800597c,thumb,direct-call
0x08006134,FUN_08006134,thumb,direct-call
0x080066D8,FUN_080066d8,thumb,direct-call
0x0800673C,FUN_0800673c,thumb,direct-call
0x080069AC,FUN_080069ac,thumb,direct-call
0x08006E64,FUN_08006e64,thumb,direct-call
0x08006FF4,FUN_08006ff4,thumb,direct-call
0x080074A8,FUN_080074a8,thumb,direct-call
0x08007670,FUN_08007670,thumb,rom-pointer
0x080077F4,FUN_080077f4,thumb,rom-pointer
0x08007E24,FUN_08007e24,thumb,direct-call+exact-body
0x08007E9C,FUN_08007e9c,thumb,direct-call+exact-body
0x08007EC8,FUN_08007ec8,thumb,direct-call
0x08007FB0,FUN_08007fb0,thumb,rom-pointer
0x0800964C,FUN_0800964c,thumb,direct-call
0x08009722,FUN_08009722,thumb,rom-pointer
0x0800AA10,FUN_0800aa10,thumb,rom-pointer
0x0800AAF2,FUN_0800aaf2,thumb,rom-pointer
0x0800ABB2,FUN_0800abb2,thumb,rom-pointer
0x0800B084,FUN_0800b084,thumb,direct-call
0x0800B098,FUN_0800b098,thumb,direct-call
0x0800BAA4,FUN_0800baa4,thumb,direct-call
0x0800BAAC,FUN_0800baac,thumb,direct-call+exact-body
0x0800BB88,FUN_0800bb88,thumb,direct-call
0x0800C036,FUN_0800c036,thumb,rom-pointer
0x0800C1C8,FUN_0800c1c8,thumb,direct-call
0x0800C728,FUN_0800c728,thumb,direct-call
0x0800CB02,FUN_0800cb02,thumb,rom-pointer
0x0800CE3E,FUN_0800ce3e,thumb,rom-pointer
0x0800CEC8,FUN_0800cec8,thumb,direct-call
0x0800D20A,FUN_0800d20a,thumb,rom-pointer
0x0800EAEC,FUN_0800eaec,thumb,direct-call
0x0800F024,FUN_0800f024,thumb,direct-call
0x0800F0AC,FUN_0800f0ac,thumb,direct-call
0x0800F3C4,FUN_0800f3c4,thumb,direct-call
0x0800F4E4,FUN_0800f4e4,thumb,rom-pointer
0x0800F512,FUN_0800f512,thumb,recursive-disassembly
0x0800F5BC,FUN_0800f5bc,thumb,direct-call
0x0800F9C0,FUN_0800f9c0,thumb,direct-call
0x0800FD8C,FUN_0800fd8c,thumb,direct-call+exact-body
0x0800FDC8,FUN_0800fdc8,thumb,direct-call
0x0800FDEA,FUN_0800fdea,thumb,rom-pointer
0x0801027A,FUN_0801027a,thumb,rom-pointer
0x0801085E,FUN_0801085e,thumb,rom-pointer
0x08010944,FUN_08010944,thumb,rom-pointer
0x08010B00,FUN_08010b00,thumb,rom-pointer
0x08010B0C,FUN_08010b0c,thumb,rom-pointer
0x08010E0C,FUN_08010e0c,thumb,rom-pointer
0x08010F10,FUN_08010f10,thumb,rom-pointer
0x08011000,FUN_08011000,thumb,rom-pointer
0x080110F0,FUN_080110f0,thumb,rom-pointer
0x08011C2C,FUN_08011c2c,thumb,direct-call
0x08011C7C,FUN_08011c7c,thumb,direct-call
0x08011E22,FUN_08011e22,thumb,rom-pointer
0x080120C8,FUN_080120c8,thumb,recursive-disassembly
0x080122DC,FUN_080122dc,thumb,rom-pointer
0x08012468,FUN_08012468,thumb,internal-control-flow-fragment
0x080125DC,FUN_080125dc,thumb,direct-call
0x080127D0,FUN_080127d0,thumb,direct-call
0x08012B60,FUN_08012b60,thumb,recursive-disassembly+exact-body
0x08012B98,FUN_08012b98,thumb,direct-call
0x08013100,FUN_08013100,thumb,internal-control-flow-fragment
0x0801311E,FUN_0801311e,thumb,rom-pointer
0x08013214,FUN_08013214,thumb,direct-call
0x080135F4,FUN_080135f4,thumb,rom-pointer
0x08014E7E,FUN_08014e7e,thumb,rom-pointer
0x08015000,FUN_08015000,thumb,rom-pointer
0x08015370,FUN_08015370,thumb,direct-call
0x08015384,FUN_08015384,thumb,direct-call+exact-body
0x080153E0,FUN_080153e0,thumb,direct-call+exact-body
0x08015498,FUN_08015498,thumb,direct-call
0x0801584C,FUN_0801584c,thumb,direct-call+exact-body
0x08015858,FUN_08015858,thumb,direct-call+exact-body
0x080158C0,FUN_080158c0,thumb,direct-call+exact-body
0x080158E4,FUN_080158e4,thumb,direct-call+exact-body
0x08015924,FUN_08015924,thumb,direct-call
0x08015E30,FUN_08015e30,thumb,direct-call
0x08015F40,FUN_08015f40,thumb,direct-call+exact-body
0x08015F58,FUN_08015f58,thumb,direct-call+exact-body
0x08015F6C,FUN_08015f6c,thumb,direct-call+exact-body
0x08015FA4,FUN_08015fa4,thumb,rom-pointer+exact-body
0x08016078,FUN_08016078,thumb,direct-call
0x080163C0,FUN_080163c0,thumb,direct-call+exact-body
0x08016438,FUN_08016438,thumb,direct-call
0x08016684,FUN_08016684,thumb,direct-call
0x0801694C,FUN_0801694c,thumb,direct-call
0x08016A44,FUN_08016a44,thumb,recursive-disassembly
0x08016B30,FUN_08016b30,thumb,direct-call
0x0801700A,FUN_0801700a,thumb,internal-switch-fragment
0x080175AA,FUN_080175aa,thumb,direct-call
0x080175D4,FUN_080175d4,thumb,direct-call+exact-body
0x08017690,FUN_08017690,thumb,direct-call+exact-body
0x080176E4,FUN_080176e4,thumb,direct-call+exact-body
0x080177B8,FUN_080177b8,thumb,direct-call
0x080178D0,FUN_080178d0,thumb,direct-call+exact-body
0x08017964,FUN_08017964,thumb,direct-call+exact-body
0x080179D0,FUN_080179d0,thumb,recursive-disassembly+exact-body
0x08017A80,FUN_08017a80,thumb,sequential-prologue+complete-control-flow+exact-body
0x08017B74,FUN_08017b74,thumb,direct-call
0x08017C5C,FUN_08017c5c,thumb,direct-call+exact-body
0x08017C74,FUN_08017c74,thumb,direct-call+exact-body
0x08017CB0,FUN_08017cb0,thumb,direct-call+exact-body
0x08017CD8,FUN_08017cd8,thumb,direct-call+exact-body
0x08017CF4,FUN_08017cf4,thumb,direct-call+exact-body
0x08017D58,FUN_08017d58,thumb,direct-call+exact-body
0x08017D78,FUN_08017d78,thumb,direct-call+exact-body
0x08017DE8,FUN_08017de8,thumb,direct-call+exact-body
0x08017E5C,FUN_08017e5c,thumb,direct-call+exact-body
0x08017ED0,FUN_08017ed0,thumb,direct-call+exact-body
0x08017EEC,FUN_08017eec,thumb,direct-call+exact-body
0x08017F00,FUN_08017f00,thumb,direct-call+exact-body
0x08017F34,FUN_08017f34,thumb,direct-call+exact-body
0x08017F58,FUN_08017f58,thumb,direct-call+exact-body
0x08017F6C,FUN_08017f6c,thumb,direct-call+exact-body
0x08017F80,FUN_08017f80,thumb,recursive-disassembly+exact-body
0x08017FB0,FUN_08017fb0,thumb,direct-call+exact-body
0x08018004,FUN_08018004,thumb,direct-call+exact-body
0x0801808C,FUN_0801808c,thumb,recursive-disassembly+exact-body
0x080180D4,FUN_080180d4,thumb,coherent-leaf+owned-literal-pool+exact-body
0x080180F0,FUN_080180f0,thumb,direct-call+exact-body
0x0801816C,FUN_0801816c,thumb,direct-call+exact-body
0x08018204,FUN_08018204,thumb,direct-call+exact-body
0x0801824C,FUN_0801824c,thumb,recursive-disassembly+exact-body
0x080182AC,FUN_080182ac,thumb,direct-call+exact-body
0x080182E4,FUN_080182e4,thumb,direct-call+exact-body
0x08018300,FUN_08018300,thumb,direct-call+exact-body
0x08018318,FUN_08018318,thumb,direct-call+exact-body
0x08018390,FUN_08018390,thumb,direct-call+exact-body
0x0801839C,FUN_0801839c,thumb,recursive-disassembly+exact-body
0x080183C4,FUN_080183c4,thumb,coherent-leaf+owned-literal-pool+exact-body
0x080183D0,FUN_080183d0,thumb,direct-call+exact-body
0x08018410,FUN_08018410,thumb,coherent-leaf+owned-literal-pool+exact-body
0x08018444,FUN_08018444,thumb,direct-call+exact-body
0x080184C8,FUN_080184c8,thumb,direct-call+exact-body
0x08018530,FUN_08018530,thumb,direct-call+exact-body
0x0801856C,FUN_0801856c,thumb,direct-call+exact-body
0x080185A8,FUN_080185a8,thumb,owned-literal-pool+exact-body
0x080185CC,FUN_080185cc,thumb,rom-pointer+exact-body
0x080185D8,FUN_080185d8,thumb,rom-pointer+exact-body
0x08018654,FUN_08018654,thumb,rom-pointer+direct-call+exact-body
0x08018664,FUN_08018664,thumb,rom-pointer+exact-body
0x08018668,FUN_08018668,thumb,rom-pointer+exact-body
0x08018678,MultiSioSyncInitialize,thumb,direct-call+public-multisiosync-behavior+exact-body
0x08018730,FUN_08018730,thumb,direct-call+public-multisiosync-order+exact-body
0x0801886C,FUN_0801886c,thumb,direct-call+public-multisiosync-order+exact-body
0x08018918,FUN_08018918,thumb,direct-call+public-multisiosync-order+exact-body
0x08018A8C,MultiSioSyncVSync,thumb,direct-call+public-multisiosync-behavior+exact-body
0x08018B24,MultiSioSyncInterrupt,thumb,rom-pointer+public-multisiosync-behavior+exact-body
0x08018C20,FUN_08018c20,thumb,direct-call+public-multisiosync-order+exact-body
0x08018C3C,FUN_08018c3c,thumb,direct-call+public-multisiosync-order+exact-body
0x08018C8C,MultiBootMain,thumb,direct-call+sa2-object-correlation+exact-body
0x080191A8,MultiBootSend,thumb,direct-call+sa2-object-correlation+exact-body
0x08019220,MultiBootStartProbe,thumb,direct-call+sa2-relocation-masked-byte-match+exact-body
0x08019274,MultiBootStartMaster,thumb,direct-call+sa2-relocation-masked-byte-match+exact-body
0x080193B4,MultiBootHandShake,thumb,direct-call+sa2-relocation-masked-byte-match+exact-body
0x080194D0,MultiBootInit,thumb,direct-call+sa2-object-correlation+exact-body
0x0801950C,MultiBootCheckComplete,thumb,direct-call+sa2-relocation-masked-byte-match+exact-body
0x08019520,MultiBootWaitSendDone,thumb,direct-call+sa2-object-correlation+exact-body
0x08019568,Sio32MultiLoadMain,thumb,direct-call+sa2-relocation-masked-byte-match+exact-body
0x0801974C,Sio32MultiLoadIntr,thumb,rom-pointer+sa2-object-correlation+exact-body
0x08019814,Sio32MultiLoadInit,thumb,direct-call+sa2-object-correlation+exact-body
0x080198B0,FUN_080198b0,thumb,direct-call
0x08019B5C,FUN_08019b5c,thumb,direct-call
0x08019ED8,FUN_08019ed8,thumb,direct-call
0x0801A04C,FUN_0801a04c,thumb,direct-call
0x0801A228,FUN_0801a228,thumb,direct-call
0x0801A61C,FUN_0801a61c,thumb,direct-call
0x0801A6A8,FUN_0801a6a8,thumb,direct-call
0x0801A898,FUN_0801a898,thumb,rom-pointer
0x0801AADC,FUN_0801aadc,thumb,rom-pointer
0x0801AD38,FUN_0801ad38,thumb,rom-pointer
0x0801AFC4,FUN_0801afc4,thumb,rom-pointer
0x0801B394,FUN_0801b394,thumb,rom-pointer
0x0801BCAC,FUN_0801bcac,thumb,rom-pointer
0x0801BD90,FUN_0801bd90,thumb,rom-pointer
0x0801C090,FUN_0801c090,thumb,direct-call
0x0801C28C,FUN_0801c28c,thumb,rom-pointer
0x0801C4BC,FUN_0801c4bc,thumb,rom-pointer
0x0801C770,FUN_0801c770,thumb,rom-pointer
0x0801C82C,FUN_0801c82c,thumb,rom-pointer+exact-body
0x0801C85C,FUN_0801c85c,thumb,recursive-disassembly+exact-body
0x0801C8A4,FUN_0801c8a4,thumb,rom-pointer+exact-body
0x0801C8F0,FUN_0801c8f0,thumb,rom-pointer+exact-body
0x0801C910,FUN_0801c910,thumb,rom-pointer+exact-body
0x0801C930,FUN_0801c930,thumb,rom-pointer+exact-body
0x0801C968,FUN_0801c968,thumb,direct-call
0x0801CE70,FUN_0801ce70,thumb,direct-call+exact-body
0x0801CE8C,FUN_0801ce8c,thumb,recursive-disassembly
0x0801CEEC,FUN_0801ceec,thumb,recovered-unreferenced+exact-body
0x0801CF34,FUN_0801cf34,thumb,recovered-unreferenced+exact-body
0x0801CF80,FUN_0801cf80,thumb,recovered-unreferenced+exact-body
0x0801CFA4,FUN_0801cfa4,thumb,recovered-unreferenced+exact-body
0x0801CFC8,FUN_0801cfc8,thumb,direct-call
0x0801D068,FUN_0801d068,thumb,direct-call
0x0801D188,FUN_0801d188,thumb,direct-call+exact-body
0x0801D200,FUN_0801d200,thumb,direct-call+exact-body
0x0801D288,FUN_0801d288,thumb,direct-call+exact-body
0x0801D370,FUN_0801d370,thumb,recovered-unreferenced+exact-body
0x0801D3AC,FUN_0801d3ac,thumb,recovered-unreferenced+exact-body
0x0801D408,FUN_0801d408,thumb,direct-call
0x0801D5D4,FUN_0801d5d4,thumb,direct-call+exact-body
0x0801D618,FUN_0801d618,thumb,rom-pointer
0x0801D870,FUN_0801d870,thumb,direct-call+exact-body
0x0801D8F4,FUN_0801d8f4,thumb,rom-pointer+exact-body
0x0801D9E0,FUN_0801d9e0,thumb,direct-call+exact-body
0x0801DAEC,FUN_0801daec,thumb,rom-pointer+exact-body
0x0801DB4C,FUN_0801db4c,thumb,rom-pointer+direct-call+exact-body
0x0801DBD0,FUN_0801dbd0,thumb,rom-pointer
0x0801DE5C,FUN_0801de5c,thumb,direct-call+exact-body
0x0801DEBC,FUN_0801debc,thumb,direct-call+exact-body
0x0801DF1C,FUN_0801df1c,thumb,direct-call+exact-body
0x0801DF7C,FUN_0801df7c,thumb,direct-call+exact-body
0x0801DFDC,FUN_0801dfdc,thumb,rom-pointer+exact-body
0x0801E044,FUN_0801e044,thumb,rom-pointer+exact-body
0x0801E0C4,FUN_0801e0c4,thumb,direct-call+exact-body
0x0801E174,FUN_0801e174,thumb,rom-pointer+exact-body
0x0801E258,FUN_0801e258,thumb,rom-pointer+exact-body
0x0801E2C8,FUN_0801e2c8,thumb,direct-call+exact-body
0x0801E34C,FUN_0801e34c,thumb,recovered-unreferenced+exact-body
0x0801E3CC,FUN_0801e3cc,thumb,direct-call+exact-body
0x0801E41C,FUN_0801e41c,thumb,rom-pointer+exact-body
0x0801E4F4,FUN_0801e4f4,thumb,rom-pointer+exact-body
0x0801E62C,FUN_0801e62c,thumb,direct-call+exact-body
0x0801E6A0,FUN_0801e6a0,thumb,rom-pointer
0x0801E99C,FUN_0801e99c,thumb,direct-call+exact-body
0x0801E9EC,FUN_0801e9ec,thumb,direct-call+exact-body
0x0801EA38,FUN_0801ea38,thumb,recovered-unreferenced+exact-body
0x0801EA6C,FUN_0801ea6c,thumb,rom-pointer+exact-body
0x0801EACC,FUN_0801eacc,thumb,rom-pointer+exact-body
0x0801EAF8,FUN_0801eaf8,thumb,rom-pointer+exact-body
0x0801EB24,FUN_0801eb24,thumb,rom-pointer+exact-body
0x0801EB50,FUN_0801eb50,thumb,direct-call+exact-body
0x0801EB94,FUN_0801eb94,thumb,rom-pointer+exact-body
0x0801EBB0,FUN_0801ebb0,thumb,direct-call+exact-body
0x0801EBF4,FUN_0801ebf4,thumb,rom-pointer+exact-body
0x0801EC10,FUN_0801ec10,thumb,direct-call+exact-body
0x0801EC64,FUN_0801ec64,thumb,direct-call+exact-body
0x0801ECB8,FUN_0801ecb8,thumb,direct-call+exact-body
0x0801ED0C,FUN_0801ed0c,thumb,direct-call+exact-body
0x0801ED50,FUN_0801ed50,thumb,rom-pointer+exact-body
0x0801ED6C,FUN_0801ed6c,thumb,direct-call+exact-body
0x0801EDC0,FUN_0801edc0,thumb,rom-pointer+exact-body
0x0801EDDC,FUN_0801eddc,thumb,direct-call+exact-body
0x0801EE30,FUN_0801ee30,thumb,rom-pointer+exact-body
0x0801EE4C,FUN_0801ee4c,thumb,direct-call+exact-body
0x0801EEA8,FUN_0801eea8,thumb,rom-pointer+exact-body
0x0801EEE0,FUN_0801eee0,thumb,direct-call+exact-body
0x0801EF14,FUN_0801ef14,thumb,structured-entry+return+exact-body
0x0801EF4C,FUN_0801ef4c,thumb,structured-entry+return+exact-body
0x0801EF7C,FUN_0801ef7c,thumb,structured-entry+return+exact-body
0x0801EFD4,FUN_0801efd4,thumb,structured-entry+return+exact-body
0x0801F024,FUN_0801f024,thumb,direct-call+exact-body
0x0801F030,FUN_0801f030,thumb,structured-entry+return+exact-body
0x0801F058,FUN_0801f058,thumb,structured-entry+return+exact-body
0x0801F080,FUN_0801f080,thumb,rom-pointer
0x0801F128,FUN_0801f128,thumb,rom-pointer
0x0801F1D0,FUN_0801f1d0,thumb,rom-pointer
0x0801F274,FUN_0801f274,thumb,rom-pointer
0x0801F308,FUN_0801f308,thumb,rom-pointer+exact-body
0x0801F31C,FUN_0801f31c,thumb,rom-pointer+exact-body
0x0801F350,FUN_0801f350,thumb,rom-pointer
0x0801F3A4,FUN_0801f3a4,thumb,rom-pointer+exact-body
0x0801F3B0,FUN_0801f3b0,thumb,rom-pointer+exact-body
0x0801F3E4,FUN_0801f3e4,thumb,rom-pointer+exact-body
0x0801F418,FUN_0801f418,thumb,rom-pointer+exact-body
0x0801F448,FUN_0801f448,thumb,rom-pointer+exact-body
0x0801F474,FUN_0801f474,thumb,rom-pointer+exact-body
0x0801F4F4,FUN_0801f4f4,thumb,rom-pointer+exact-body
0x0801F524,FUN_0801f524,thumb,recursive-disassembly
0x0801F578,FUN_0801f578,thumb,direct-call
0x0801F5EC,FUN_0801f5ec,thumb,direct-call+exact-body
0x0801F600,FUN_0801f600,thumb,direct-call+exact-body
0x0801F60C,FUN_0801f60c,thumb,direct-call+exact-body
0x0801F618,FUN_0801f618,thumb,direct-call+exact-body
0x0801F628,FUN_0801f628,thumb,structured-entry+return+exact-body
0x0801F638,FUN_0801f638,thumb,direct-call+exact-body
0x0801F644,FUN_0801f644,thumb,direct-call+exact-body
0x0801F66C,FUN_0801f66c,thumb,direct-call+exact-body
0x0801F6A0,FUN_0801f6a0,thumb,direct-call+exact-body
0x0801F6D4,FUN_0801f6d4,thumb,structured-entry+return+exact-body
0x0801F700,FUN_0801f700,thumb,structured-entry+return+exact-body
0x0801F70C,FUN_0801f70c,thumb,structured-entry+return+exact-body
0x0801F718,FUN_0801f718,thumb,direct-call+exact-body
0x0801F744,FUN_0801f744,thumb,direct-call+exact-body
0x0801F770,FUN_0801f770,thumb,direct-call+exact-body
0x0801F780,FUN_0801f780,thumb,direct-call+exact-body
0x0801F7D0,FUN_0801f7d0,thumb,direct-call+exact-body
0x0801F89C,FUN_0801f89c,thumb,direct-call+exact-body
0x0801F8C0,FUN_0801f8c0,thumb,direct-call+exact-body
0x0801F914,FUN_0801f914,thumb,direct-call+exact-body
0x0801F92C,FUN_0801f92c,thumb,direct-call+exact-body
0x0801F978,FUN_0801f978,thumb,direct-call+exact-body
0x0801F9A8,FUN_0801f9a8,thumb,direct-call+exact-body
0x0801F9D8,FUN_0801f9d8,thumb,rom-pointer+exact-body
0x0801F9E8,FUN_0801f9e8,thumb,direct-call+exact-body
0x0801FAB0,FUN_0801fab0,thumb,direct-call+exact-body
0x0801FB60,FUN_0801fb60,thumb,direct-call+exact-body
0x0801FB94,FUN_0801fb94,thumb,direct-call+exact-body
0x0801FBA0,FUN_0801fba0,thumb,direct-call+exact-body
0x0801FBD8,FUN_0801fbd8,thumb,direct-call+exact-body
0x0801FBFC,FUN_0801fbfc,thumb,direct-call+exact-body
0x0801FC30,FUN_0801fc30,thumb,direct-call+exact-body
0x0801FC54,FUN_0801fc54,thumb,rom-pointer+direct-call+exact-body
0x0801FC60,FUN_0801fc60,thumb,direct-call+exact-body
0x0801FCD8,FUN_0801fcd8,thumb,direct-call+exact-body
0x0801FD18,FUN_0801fd18,thumb,direct-call+exact-body
0x0801FDA0,FUN_0801fda0,thumb,direct-call+exact-body
0x0801FED8,FUN_0801fed8,thumb,direct-call+exact-body
0x0801FF30,FUN_0801ff30,thumb,direct-call+exact-body
0x0801FFA4,FUN_0801ffa4,thumb,direct-call+exact-body
0x0801FFE4,FUN_0801ffe4,thumb,recovered-unreferenced+exact-body
0x08020028,FUN_08020028,thumb,rom-pointer-corrected-entry+exact-body
0x08020034,FUN_08020034,thumb,structured-entry+return+exact-body
0x08020074,FUN_08020074,thumb,structured-entry+return+exact-body
0x080200BC,FUN_080200bc,thumb,direct-call+exact-body
0x080200D8,FUN_080200d8,thumb,direct-call+exact-body
0x080200F8,FUN_080200f8,thumb,rom-pointer-corrected-entry+exact-body
0x08020134,FUN_08020134,thumb,direct-call+exact-body
0x08020144,FUN_08020144,thumb,direct-call+exact-body
0x08020160,FUN_08020160,thumb,direct-call+exact-body
0x08020198,FUN_08020198,thumb,direct-call+exact-body
0x080201F8,FUN_080201f8,thumb,direct-call+exact-body
0x0802021C,FUN_0802021c,thumb,direct-call+exact-body
0x08020244,FUN_08020244,thumb,direct-call+exact-body
0x08020360,FUN_08020360,thumb,direct-call+exact-body
0x0802036C,FUN_0802036c,thumb,direct-call+exact-body
0x080203A4,FUN_080203a4,thumb,recursive-disassembly+exact-body
0x08020408,FUN_08020408,thumb,direct-call+exact-body
0x08020440,FUN_08020440,thumb,direct-call+exact-body
0x0802047C,FUN_0802047c,thumb,direct-call+exact-body
0x080204B8,FUN_080204b8,thumb,direct-call+exact-body
0x08020500,FUN_08020500,thumb,direct-call+exact-body
0x080205D0,FUN_080205d0,thumb,direct-call+exact-body
0x0802067C,FUN_0802067c,thumb,direct-call+exact-body
0x080206EC,FUN_080206ec,thumb,direct-call+exact-body
0x08020774,FUN_08020774,thumb,direct-call+exact-body
0x080207EC,FUN_080207ec,thumb,direct-call+exact-body
0x08020840,FUN_08020840,thumb,direct-call+exact-body
0x08020898,FUN_08020898,thumb,direct-call+exact-body
0x080208EC,FUN_080208ec,thumb,direct-call+exact-body
0x08020944,FUN_08020944,thumb,direct-call+exact-body
0x08020978,FUN_08020978,thumb,direct-call+exact-body
0x08020AD0,FUN_08020ad0,thumb,direct-call+exact-body
0x08020B74,FUN_08020b74,thumb,direct-call+exact-body
0x08020C22,FUN_08020c22,thumb,rom-pointer+exact-body
0x08020D20,FUN_08020d20,thumb,sequential-prologue+complete-control-flow
0x08020E28,FUN_08020e28,thumb,sequential-prologue+complete-control-flow+exact-body
0x08020ECC,FUN_08020ecc,thumb,direct-call+exact-body
0x08020F18,FUN_08020f18,thumb,direct-call+exact-body
0x08020F64,FUN_08020f64,thumb,direct-call+exact-body
0x08020F78,FUN_08020f78,thumb,recursive-disassembly+exact-body
0x08020FAC,FUN_08020fac,thumb,direct-call+exact-body
0x08020FBC,FUN_08020fbc,thumb,recursive-disassembly+exact-body
0x08021000,FUN_08021000,thumb,direct-call+exact-body
0x08021050,FUN_08021050,thumb,recursive-disassembly+exact-body
0x080210D8,FUN_080210d8,thumb,direct-call+exact-body
0x080210F8,FUN_080210f8,thumb,recursive-disassembly+exact-body
0x0802110C,FUN_0802110c,thumb,direct-call+exact-body
0x08021128,FUN_08021128,thumb,direct-call+exact-body
0x08021180,FUN_08021180,thumb,direct-call+exact-body
0x080211D8,FUN_080211d8,thumb,direct-call+exact-body
0x080211F0,FUN_080211f0,thumb,direct-call+exact-body
0x08021244,FUN_08021244,thumb,direct-call+exact-body
0x08021268,FUN_08021268,thumb,direct-call+exact-body
0x08021484,FUN_08021484,thumb,direct-call+exact-body
0x080214C0,FUN_080214c0,thumb,direct-call+exact-body
0x08021518,FUN_08021518,thumb,recursive-disassembly+exact-body
0x08021534,FUN_08021534,thumb,direct-call+exact-body
0x08021564,FUN_08021564,thumb,direct-call+exact-body
0x0802158C,FUN_0802158c,thumb,recursive-disassembly+exact-body
0x080215A8,FUN_080215a8,thumb,direct-call+exact-body
0x080216E4,FUN_080216e4,thumb,direct-call+exact-body
0x080217D0,FUN_080217d0,thumb,direct-call+exact-body
0x0802188C,FUN_0802188c,thumb,direct-call+exact-body
0x080218AC,FUN_080218ac,thumb,direct-call+exact-body
0x080218DC,FUN_080218dc,thumb,recursive-disassembly+exact-body
0x08021920,FUN_08021920,thumb,direct-call+exact-body
0x08021980,FUN_08021980,thumb,direct-call+exact-body
0x080219E4,FUN_080219e4,thumb,direct-call+exact-body
0x08021A10,FUN_08021a10,thumb,direct-call+exact-body
0x08021A40,FUN_08021a40,thumb,direct-call+exact-body
0x08021A84,FUN_08021a84,thumb,direct-call+exact-body
0x08021B0C,FUN_08021b0c,thumb,rom-pointer+direct-call+exact-body
0x08021E48,FUN_08021e48,thumb,direct-call+exact-body
0x08021E70,FUN_08021e70,thumb,direct-call+exact-body
0x08021EC8,FUN_08021ec8,thumb,direct-call+exact-body
0x08021F04,FUN_08021f04,thumb,rom-pointer+exact-body
0x08021F20,FUN_08021f20,thumb,rom-pointer+exact-body
0x08021F34,FUN_08021f34,thumb,rom-pointer+exact-body
0x08022004,FUN_08022004,thumb,rom-pointer+exact-body
0x080220A4,FUN_080220a4,thumb,rom-pointer+exact-body
0x080221E0,FUN_080221e0,thumb,rom-pointer+exact-body
0x080222C4,FUN_080222c4,thumb,rom-pointer+exact-body
0x080223D8,FUN_080223d8,thumb,rom-pointer+exact-body
0x08022464,FUN_08022464,thumb,rom-pointer+exact-body
0x080227EC,FUN_080227ec,thumb,rom-pointer+exact-body
0x08022864,FUN_08022864,thumb,rom-pointer+exact-body
0x0802296C,FUN_0802296c,thumb,rom-pointer+exact-body
0x080229F4,FUN_080229f4,thumb,rom-pointer+exact-body
0x08022ADC,FUN_08022adc,thumb,rom-pointer+exact-body
0x08022C2C,FUN_08022c2c,thumb,rom-pointer+exact-body
0x08022CAC,FUN_08022cac,thumb,rom-pointer+exact-body
0x08022DB8,FUN_08022db8,thumb,rom-pointer+exact-body
0x08022E38,FUN_08022e38,thumb,rom-pointer+exact-body
0x08022F40,FUN_08022f40,thumb,rom-pointer+exact-body
0x08022FA8,FUN_08022fa8,thumb,rom-pointer+exact-body
0x08023010,FUN_08023010,thumb,recovered-unreferenced+exact-body
0x08023038,FUN_08023038,thumb,rom-pointer+exact-body
0x08023064,FUN_08023064,thumb,rom-pointer+exact-body
0x08023218,FUN_08023218,thumb,rom-pointer+exact-body
0x080236BC,FUN_080236bc,thumb,rom-pointer+exact-body
0x08023728,FUN_08023728,thumb,rom-pointer+exact-body
0x08023830,FUN_08023830,thumb,rom-pointer+exact-body
0x08023898,FUN_08023898,thumb,rom-pointer+exact-body
0x080238D0,FUN_080238d0,thumb,recursive-disassembly+exact-body
0x0802392C,FUN_0802392c,thumb,rom-pointer+exact-body
0x08023978,FUN_08023978,thumb,rom-pointer+exact-body
0x08023B54,FUN_08023b54,thumb,rom-pointer+exact-body
0x08023EA8,FUN_08023ea8,thumb,rom-pointer+exact-body
0x08024170,FUN_08024170,thumb,rom-pointer+exact-body
0x08024204,FUN_08024204,thumb,rom-pointer+exact-body
0x0802426C,FUN_0802426c,thumb,rom-pointer+exact-body
0x080242BC,FUN_080242bc,thumb,rom-pointer+exact-body
0x08024304,FUN_08024304,thumb,rom-pointer+exact-body
0x0802436C,FUN_0802436c,thumb,rom-pointer+exact-body
0x080243A4,FUN_080243a4,thumb,rom-pointer+exact-body
0x080243D4,FUN_080243d4,thumb,rom-pointer+exact-body
0x0802440C,FUN_0802440c,thumb,rom-pointer+exact-body
0x0802446C,FUN_0802446c,thumb,rom-pointer+exact-body
0x080244AC,FUN_080244ac,thumb,rom-pointer+exact-body
0x080244BC,FUN_080244bc,thumb,rom-pointer+exact-body
0x080244D8,FUN_080244d8,thumb,rom-pointer+exact-body
0x0802450C,FUN_0802450c,thumb,rom-pointer+exact-body
0x08024540,FUN_08024540,thumb,rom-pointer+exact-body
0x08024570,FUN_08024570,thumb,rom-pointer+exact-body
0x080245A0,FUN_080245a0,thumb,rom-pointer+exact-body
0x080245DC,FUN_080245dc,thumb,rom-pointer+exact-body
0x080245EC,FUN_080245ec,thumb,rom-pointer+exact-body
0x0802460C,FUN_0802460c,thumb,rom-pointer+exact-body
0x0802464C,FUN_0802464c,thumb,rom-pointer+exact-body
0x08024698,FUN_08024698,thumb,rom-pointer+exact-body
0x080246C8,FUN_080246c8,thumb,rom-pointer+exact-body
0x080246E0,FUN_080246e0,thumb,rom-pointer+exact-body
0x08024708,FUN_08024708,thumb,rom-pointer+exact-body
0x08024738,FUN_08024738,thumb,rom-pointer+exact-body
0x08024794,FUN_08024794,thumb,rom-pointer+exact-body
0x080247C4,FUN_080247c4,thumb,rom-pointer+exact-body
0x0802482C,FUN_0802482c,thumb,rom-pointer+exact-body
0x08024894,FUN_08024894,thumb,rom-pointer+exact-body
0x080248F0,FUN_080248f0,thumb,recursive-disassembly+exact-body
0x08024940,FUN_08024940,thumb,rom-pointer+exact-body
0x08024994,FUN_08024994,thumb,rom-pointer+exact-body
0x080249E4,FUN_080249e4,thumb,rom-pointer+exact-body
0x08024A34,FUN_08024a34,thumb,rom-pointer+exact-body
0x08024AAC,FUN_08024aac,thumb,rom-pointer+exact-body
0x08024B1C,FUN_08024b1c,thumb,rom-pointer+exact-body
0x08024B80,FUN_08024b80,thumb,recovered-unreferenced+exact-body
0x08024B90,FUN_08024b90,thumb,rom-pointer+exact-body
0x08024BD8,FUN_08024bd8,thumb,rom-pointer+exact-body
0x08024C20,FUN_08024c20,thumb,rom-pointer+exact-body
0x08024C30,FUN_08024c30,thumb,rom-pointer+exact-body
0x08024C90,FUN_08024c90,thumb,rom-pointer+exact-body
0x08024D0C,FUN_08024d0c,thumb,rom-pointer+exact-body
0x08024DDC,FUN_08024ddc,thumb,rom-pointer+exact-body
0x08024FCC,FUN_08024fcc,thumb,rom-pointer+exact-body
0x08025014,FUN_08025014,thumb,rom-pointer+exact-body
0x08025060,FUN_08025060,thumb,rom-pointer+exact-body
0x08025064,FUN_08025064,thumb,direct-call+exact-body
0x08025120,FUN_08025120,thumb,rom-pointer+exact-body
0x0802517C,FUN_0802517c,thumb,rom-pointer+exact-body
0x0802528C,FUN_0802528c,thumb,direct-call+exact-body
0x080252D0,FUN_080252d0,thumb,rom-pointer+exact-body
0x08025440,FUN_08025440,thumb,rom-pointer+exact-body
0x08025628,FUN_08025628,thumb,rom-pointer+exact-body
0x080256FC,FUN_080256fc,thumb,rom-pointer+exact-body
0x08025734,FUN_08025734,thumb,rom-pointer+exact-body
0x08025770,FUN_08025770,thumb,rom-pointer+exact-body
0x080257B8,FUN_080257b8,thumb,rom-pointer+exact-body
0x08025800,FUN_08025800,thumb,rom-pointer+exact-body
0x08025838,FUN_08025838,thumb,rom-pointer+exact-body
0x08025874,FUN_08025874,thumb,rom-pointer+exact-body
0x080258AC,FUN_080258ac,thumb,rom-pointer+exact-body
0x080258E8,FUN_080258e8,thumb,rom-pointer+exact-body
0x08025920,FUN_08025920,thumb,recursive-disassembly+exact-body
0x0802595C,FUN_0802595c,thumb,rom-pointer+exact-body
0x08025994,FUN_08025994,thumb,rom-pointer+exact-body
0x080259D0,FUN_080259d0,thumb,rom-pointer+exact-body
0x08025A08,FUN_08025a08,thumb,rom-pointer+exact-body
0x08025A58,FUN_08025a58,thumb,rom-pointer+exact-body
0x08025A98,FUN_08025a98,thumb,rom-pointer+exact-body
0x08025B78,FUN_08025b78,thumb,rom-pointer+exact-body
0x08025C14,FUN_08025c14,thumb,rom-pointer+exact-body
0x08025C4C,FUN_08025c4c,thumb,rom-pointer+exact-body
0x08025C84,FUN_08025c84,thumb,rom-pointer+exact-body
0x08025D50,FUN_08025d50,thumb,rom-pointer+direct-call+exact-body
0x08025F5C,FUN_08025f5c,thumb,rom-pointer+exact-body
0x08025FD4,FUN_08025fd4,thumb,rom-pointer+exact-body
0x08026380,FUN_08026380,thumb,rom-pointer+exact-body
0x080264D0,FUN_080264d0,thumb,rom-pointer+exact-body
0x08026634,FUN_08026634,thumb,rom-pointer+exact-body
0x080266AC,FUN_080266ac,thumb,rom-pointer+exact-body
0x08026844,FUN_08026844,thumb,rom-pointer+exact-body
0x080268F4,FUN_080268f4,thumb,rom-pointer+exact-body
0x08026AE0,FUN_08026ae0,thumb,rom-pointer+exact-body
0x08026C64,FUN_08026c64,thumb,rom-pointer+exact-body
0x08026D6C,FUN_08026d6c,thumb,rom-pointer+exact-body
0x08026DD4,FUN_08026dd4,thumb,rom-pointer+exact-body
0x08026F44,FUN_08026f44,thumb,rom-pointer+exact-body
0x08027140,FUN_08027140,thumb,rom-pointer+exact-body
0x08027354,FUN_08027354,thumb,rom-pointer+exact-body
0x080274AC,FUN_080274ac,thumb,rom-pointer+exact-body
0x080275BC,FUN_080275bc,thumb,rom-pointer+exact-body
0x08027660,FUN_08027660,thumb,rom-pointer+exact-body
0x08027778,FUN_08027778,thumb,direct-call+exact-body
0x0802786C,FUN_0802786c,thumb,rom-pointer+exact-body
0x080278B4,FUN_080278b4,thumb,rom-pointer+exact-body
0x080278F8,FUN_080278f8,thumb,rom-pointer+exact-body
0x08027920,FUN_08027920,thumb,rom-pointer+exact-body
0x0802797C,FUN_0802797c,thumb,rom-pointer+exact-body
0x080279C4,FUN_080279c4,thumb,rom-pointer+exact-body
0x08027A4C,FUN_08027a4c,thumb,rom-pointer+exact-body
0x08027AE8,FUN_08027ae8,thumb,rom-pointer+exact-body
0x08027B84,FUN_08027b84,thumb,rom-pointer+exact-body
0x08027BFC,FUN_08027bfc,thumb,rom-pointer+exact-body
0x08027C8C,FUN_08027c8c,thumb,rom-pointer+exact-body
0x08027D18,FUN_08027d18,thumb,rom-pointer+exact-body
0x08027D54,FUN_08027d54,thumb,rom-pointer+exact-body
0x08027DB8,FUN_08027db8,thumb,rom-pointer+exact-body
0x08027E38,FUN_08027e38,thumb,rom-pointer+exact-body
0x08027EB8,FUN_08027eb8,thumb,rom-pointer+exact-body
0x08027F38,FUN_08027f38,thumb,rom-pointer+exact-body
0x08027FB8,FUN_08027fb8,thumb,rom-pointer+exact-body
0x08028038,FUN_08028038,thumb,rom-pointer+exact-body
0x080280B8,FUN_080280b8,thumb,direct-call+exact-body
0x08028100,FUN_08028100,thumb,recursive-disassembly+exact-body
0x0802812C,FUN_0802812c,thumb,structured-entry+return+exact-body
0x08028158,FUN_08028158,thumb,rom-pointer+exact-body
0x08028190,FUN_08028190,thumb,rom-pointer+exact-body
0x080281C8,FUN_080281c8,thumb,rom-pointer+exact-body
0x08028200,FUN_08028200,thumb,rom-pointer+exact-body
0x08028238,FUN_08028238,thumb,rom-pointer+exact-body
0x08028270,FUN_08028270,thumb,rom-pointer+exact-body
0x080282A8,FUN_080282a8,thumb,rom-pointer+exact-body
0x080282E0,FUN_080282e0,thumb,rom-pointer+exact-body
0x08028318,FUN_08028318,thumb,rom-pointer+exact-body
0x08028350,FUN_08028350,thumb,rom-pointer+exact-body
0x08028388,FUN_08028388,thumb,rom-pointer+exact-body
0x080283C0,FUN_080283c0,thumb,rom-pointer+exact-body
0x080283F8,FUN_080283f8,thumb,direct-call+exact-body
0x080284B4,FUN_080284b4,thumb,rom-pointer+exact-body
0x08028760,FUN_08028760,thumb,rom-pointer+exact-body
0x08028770,FUN_08028770,thumb,rom-pointer+exact-body
0x08028814,FUN_08028814,thumb,rom-pointer+exact-body
0x080288B4,FUN_080288b4,thumb,rom-pointer+exact-body
0x08028BEC,FUN_08028bec,thumb,rom-pointer+exact-body
0x08028C80,FUN_08028c80,thumb,rom-pointer+exact-body
0x08028D30,FUN_08028d30,thumb,rom-pointer+exact-body
0x08028ED8,FUN_08028ed8,thumb,rom-pointer+exact-body
0x08028F1C,FUN_08028f1c,thumb,rom-pointer+exact-body
0x08028F5C,FUN_08028f5c,thumb,rom-pointer+exact-body
0x08028F80,FUN_08028f80,thumb,recursive-disassembly+exact-body
0x08028F98,FUN_08028f98,thumb,rom-pointer+exact-body
0x08029014,FUN_08029014,thumb,rom-pointer+exact-body
0x08029060,FUN_08029060,thumb,rom-pointer+exact-body
0x080290B4,FUN_080290b4,thumb,rom-pointer+exact-body
0x080290E8,FUN_080290e8,thumb,direct-call+exact-body
0x080291A8,FUN_080291a8,thumb,direct-call+exact-body
0x08029200,FUN_08029200,thumb,direct-call+exact-body
0x08029250,FUN_08029250,thumb,rom-pointer+exact-body
0x080299C0,FUN_080299c0,thumb,rom-pointer+exact-body
0x08029BA0,FUN_08029ba0,thumb,rom-pointer+exact-body
0x08029C2C,FUN_08029c2c,thumb,direct-call+exact-body
0x08029CC8,FUN_08029cc8,thumb,direct-call+exact-body
0x08029CFC,FUN_08029cfc,thumb,direct-call+exact-body
0x08029D74,FUN_08029d74,thumb,direct-call+exact-body
0x08029E60,FUN_08029e60,thumb,direct-call+exact-body
0x0802A0EC,FUN_0802a0ec,thumb,rom-pointer+exact-body
0x0802A220,FUN_0802a220,thumb,direct-call+exact-body
0x0802A298,FUN_0802a298,thumb,rom-pointer+exact-body
0x0802A34C,FUN_0802a34c,thumb,direct-call+exact-body
0x0802A3F4,FUN_0802a3f4,thumb,direct-call+exact-body
0x0802A480,FUN_0802a480,thumb,rom-pointer+exact-body
0x0802A70C,FUN_0802a70c,thumb,rom-pointer+exact-body
0x0802A804,FUN_0802a804,thumb,direct-call+exact-body
0x0802A8F8,FUN_0802a8f8,thumb,rom-pointer+exact-body
0x0802A9A4,FUN_0802a9a4,thumb,rom-pointer+exact-body
0x0802AC48,FUN_0802ac48,thumb,rom-pointer+exact-body
0x0802AD4C,FUN_0802ad4c,thumb,rom-pointer+exact-body
0x0802AE50,FUN_0802ae50,thumb,rom-pointer+exact-body
0x0802AF30,FUN_0802af30,thumb,rom-pointer+exact-body
0x0802AFB0,FUN_0802afb0,thumb,rom-pointer+exact-body
0x0802AFC4,FUN_0802afc4,thumb,rom-pointer+exact-body
0x0802AFD8,FUN_0802afd8,thumb,rom-pointer+exact-body
0x0802B064,FUN_0802b064,thumb,rom-pointer+exact-body
0x0802B08C,FUN_0802b08c,thumb,rom-pointer+exact-body
0x0802B10C,FUN_0802b10c,thumb,rom-pointer+exact-body
0x0802B134,FUN_0802b134,thumb,rom-pointer+exact-body
0x0802B1B4,FUN_0802b1b4,thumb,rom-pointer+exact-body
0x0802B1DC,FUN_0802b1dc,thumb,rom-pointer+exact-body
0x0802B204,FUN_0802b204,thumb,recovered-unreferenced+exact-body
0x0802B248,FUN_0802b248,thumb,rom-pointer+exact-body
0x0802B2D4,FUN_0802b2d4,thumb,rom-pointer+exact-body
0x0802B31C,FUN_0802b31c,thumb,rom-pointer+exact-body
0x0802B388,FUN_0802b388,thumb,rom-pointer+exact-body
0x0802B3C8,FUN_0802b3c8,thumb,rom-pointer+exact-body
0x0802B424,FUN_0802b424,thumb,rom-pointer+exact-body
0x0802B434,FUN_0802b434,thumb,rom-pointer+exact-body
0x0802B444,FUN_0802b444,thumb,rom-pointer+exact-body
0x0802B490,FUN_0802b490,thumb,rom-pointer+exact-body
0x0802B638,FUN_0802b638,thumb,rom-pointer+exact-body
0x0802B688,FUN_0802b688,thumb,rom-pointer+exact-body
0x0802B6E8,FUN_0802b6e8,thumb,direct-call+exact-body
0x0802B81C,FUN_0802b81c,thumb,direct-call+exact-body
0x0802B980,FUN_0802b980,thumb,rom-pointer+exact-body
0x0802C1D4,FUN_0802c1d4,thumb,rom-pointer+exact-body
0x0802C25C,FUN_0802c25c,thumb,rom-pointer+exact-body
0x0802C28C,FUN_0802c28c,thumb,direct-call+exact-body
0x0802C37C,FUN_0802c37c,thumb,rom-pointer+exact-body
0x0802C56C,FUN_0802c56c,thumb,rom-pointer+exact-body
0x0802C654,FUN_0802c654,thumb,rom-pointer+exact-body
0x0802C734,FUN_0802c734,thumb,rom-pointer+exact-body
0x0802C7D8,FUN_0802c7d8,thumb,rom-pointer+exact-body
0x0802C800,FUN_0802c800,thumb,rom-pointer+exact-body
0x0802C85C,FUN_0802c85c,thumb,rom-pointer+exact-body
0x0802C88C,FUN_0802c88c,thumb,rom-pointer+exact-body
0x0802C914,FUN_0802c914,thumb,rom-pointer+exact-body
0x0802C944,FUN_0802c944,thumb,rom-pointer+exact-body
0x0802C9AC,FUN_0802c9ac,thumb,rom-pointer+exact-body
0x0802C9DC,FUN_0802c9dc,thumb,rom-pointer+exact-body
0x0802CAAC,FUN_0802caac,thumb,rom-pointer+exact-body
0x0802CADC,FUN_0802cadc,thumb,rom-pointer+exact-body
0x0802CB30,FUN_0802cb30,thumb,rom-pointer+exact-body
0x0802CB64,FUN_0802cb64,thumb,rom-pointer+exact-body
0x0802CBD0,FUN_0802cbd0,thumb,rom-pointer+exact-body
0x0802CC78,FUN_0802cc78,thumb,rom-pointer+exact-body
0x0802CFD0,FUN_0802cfd0,thumb,rom-pointer+exact-body
0x0802CFE0,FUN_0802cfe0,thumb,rom-pointer+exact-body
0x0802D134,FUN_0802d134,thumb,rom-pointer+exact-body
0x0802D1EC,FUN_0802d1ec,thumb,rom-pointer+exact-body
0x0802D4DC,FUN_0802d4dc,thumb,rom-pointer+exact-body
0x0802D678,FUN_0802d678,thumb,rom-pointer+exact-body
0x0802D734,FUN_0802d734,thumb,rom-pointer+exact-body
0x0802D75C,FUN_0802d75c,thumb,recovered-unreferenced+exact-body
0x0802D76C,FUN_0802d76c,thumb,rom-pointer+exact-body
0x0802D8D8,FUN_0802d8d8,thumb,rom-pointer+exact-body
0x0802D95C,FUN_0802d95c,thumb,rom-pointer+exact-body
0x0802D980,FUN_0802d980,thumb,rom-pointer+exact-body
0x0802DA00,FUN_0802da00,thumb,rom-pointer+exact-body
0x0802DA8C,FUN_0802da8c,thumb,rom-pointer+exact-body
0x0802DB10,FUN_0802db10,thumb,rom-pointer+exact-body
0x0802DB34,FUN_0802db34,thumb,rom-pointer+exact-body
0x0802DBB4,FUN_0802dbb4,thumb,rom-pointer+exact-body
0x0802DC0C,FUN_0802dc0c,thumb,rom-pointer+exact-body
0x0802DC78,FUN_0802dc78,thumb,rom-pointer+exact-body
0x0802DC90,FUN_0802dc90,thumb,rom-pointer+exact-body
0x0802DCC8,FUN_0802dcc8,thumb,rom-pointer+exact-body
0x0802DCE0,FUN_0802dce0,thumb,rom-pointer+exact-body
0x0802DD18,FUN_0802dd18,thumb,rom-pointer+exact-body
0x0802DE2C,FUN_0802de2c,thumb,rom-pointer+exact-body
0x0802DED4,FUN_0802ded4,thumb,rom-pointer+exact-body
0x0802DF40,FUN_0802df40,thumb,rom-pointer+exact-body
0x0802DF68,FUN_0802df68,thumb,direct-call+exact-body
0x0802EA64,FUN_0802ea64,thumb,direct-call+exact-body
0x0802F1EA,FUN_0802f1ea,thumb,rom-pointer+exact-body
0x0802F2DE,FUN_0802f2de,thumb,rom-pointer+exact-body
0x0802F31A,FUN_0802f31a,thumb,direct-call+exact-body
0x0802F328,FUN_0802f328,thumb,direct-call+exact-body
0x0802F428,FUN_0802f428,thumb,direct-call+exact-body
0x0802F488,FUN_0802f488,thumb,direct-call+exact-body
0x0802F560,FUN_0802f560,thumb,direct-call+exact-body
0x0802F748,FUN_0802f748,thumb,direct-call+exact-body
0x0802F94C,FUN_0802f94c,thumb,structured-entry+return+exact-body
0x0802FB58,FUN_0802fb58,thumb,direct-call+exact-body
0x0802FCB4,FUN_0802fcb4,thumb,direct-call+exact-body
0x0802FDF8,FUN_0802fdf8,thumb,rom-pointer-corrected-entry+exact-body
0x0803013A,FUN_0803013a,thumb,rom-pointer+exact-body
0x080301F4,FUN_080301f4,thumb,rom-pointer+exact-body
0x080302A0,FUN_080302a0,thumb,rom-pointer+exact-body
0x0803035C,FUN_0803035c,thumb,direct-call+exact-body
0x08030390,FUN_08030390,thumb,rom-pointer+exact-body
0x080303CC,FUN_080303cc,thumb,rom-pointer+exact-body
0x080303EC,FUN_080303ec,thumb,recursive-disassembly+exact-body
0x0803044C,FUN_0803044c,thumb,recursive-disassembly+exact-body
0x080304A4,FUN_080304a4,thumb,rom-pointer+exact-body
0x080304E4,FUN_080304e4,thumb,rom-pointer+exact-body
0x08030960,FUN_08030960,thumb,rom-pointer+exact-body
0x080309C0,FUN_080309c0,thumb,rom-pointer+exact-body
0x080309E0,FUN_080309e0,thumb,rom-pointer+exact-body
0x08030A08,FUN_08030a08,thumb,rom-pointer+exact-body
0x08030A30,FUN_08030a30,thumb,rom-pointer+exact-body
0x08030A8C,FUN_08030a8c,thumb,rom-pointer+exact-body
0x08030AC8,FUN_08030ac8,thumb,rom-pointer+exact-body
0x08030B38,FUN_08030b38,thumb,rom-pointer+exact-body
0x08030B68,FUN_08030b68,thumb,rom-pointer+exact-body
0x08030BD8,FUN_08030bd8,thumb,rom-pointer+exact-body
0x08030C08,FUN_08030c08,thumb,rom-pointer+exact-body
0x08030C6E,FUN_08030c6e,thumb,rom-pointer+exact-body
0x08030CA8,FUN_08030ca8,thumb,rom-pointer+exact-body
0x08030D20,FUN_08030d20,thumb,rom-pointer+exact-body
0x08030D3C,FUN_08030d3c,thumb,rom-pointer+exact-body
0x08030D58,FUN_08030d58,thumb,rom-pointer+exact-body
0x08030DAC,FUN_08030dac,thumb,rom-pointer+exact-body
0x08030E1C,FUN_08030e1c,thumb,rom-pointer+exact-body
0x08030E6C,FUN_08030e6c,thumb,rom-pointer+exact-body
0x08030ED4,FUN_08030ed4,thumb,rom-pointer+exact-body
0x08030F38,FUN_08030f38,thumb,rom-pointer+exact-body
0x08031154,FUN_08031154,thumb,rom-pointer-corrected-entry+exact-body
0x08031164,FUN_08031164,thumb,rom-pointer+exact-body
0x080311B4,FUN_080311b4,thumb,rom-pointer+exact-body
0x0803128C,FUN_0803128c,thumb,rom-pointer+exact-body
0x080312A0,FUN_080312a0,thumb,rom-pointer+exact-body
0x080312C8,FUN_080312c8,thumb,rom-pointer+exact-body
0x080312F8,FUN_080312f8,thumb,rom-pointer+exact-body
0x08031310,FUN_08031310,thumb,rom-pointer+exact-body
0x0803139C,FUN_0803139c,thumb,rom-pointer+exact-body
0x08031540,FUN_08031540,thumb,rom-pointer+exact-body
0x0803156C,FUN_0803156c,thumb,rom-pointer+exact-body
0x080315BC,FUN_080315bc,thumb,rom-pointer+exact-body
0x0803186C,FUN_0803186c,thumb,rom-pointer+exact-body
0x0803187C,FUN_0803187c,thumb,rom-pointer+exact-body
0x08031E68,FUN_08031e68,thumb,rom-pointer+exact-body
0x0803256C,FUN_0803256c,thumb,rom-pointer+exact-body
0x08032594,FUN_08032594,thumb,rom-pointer+exact-body
0x080325F0,FUN_080325f0,thumb,rom-pointer+exact-body
0x08032618,FUN_08032618,thumb,recursive-disassembly+exact-body
0x08032724,FUN_08032724,thumb,rom-pointer+exact-body
0x08032778,FUN_08032778,thumb,rom-pointer+exact-body
0x08032790,FUN_08032790,thumb,rom-pointer+exact-body
0x080327BC,FUN_080327bc,thumb,rom-pointer+exact-body
0x080327EC,FUN_080327ec,thumb,rom-pointer+exact-body
0x0803281C,FUN_0803281c,thumb,rom-pointer+exact-body
0x08032ADC,FUN_08032adc,thumb,rom-pointer+exact-body
0x08032AEC,FUN_08032aec,thumb,rom-pointer+exact-body
0x08032BE0,FUN_08032be0,thumb,rom-pointer+exact-body
0x08032EA0,FUN_08032ea0,thumb,rom-pointer+exact-body
0x08032F10,FUN_08032f10,thumb,rom-pointer+exact-body
0x08032F34,FUN_08032f34,thumb,rom-pointer+exact-body
0x08032F9C,FUN_08032f9c,thumb,rom-pointer+exact-body
0x08032FF8,FUN_08032ff8,thumb,rom-pointer+exact-body
0x08033038,FUN_08033038,thumb,rom-pointer+exact-body
0x08033060,FUN_08033060,thumb,rom-pointer+exact-body
0x08033090,FUN_08033090,thumb,rom-pointer+exact-body
0x08033104,FUN_08033104,thumb,rom-pointer+exact-body
0x0803315C,FUN_0803315c,thumb,rom-pointer+exact-body
0x08033184,FUN_08033184,thumb,rom-pointer+exact-body
0x080331D0,FUN_080331d0,thumb,rom-pointer+exact-body
0x08033228,FUN_08033228,thumb,rom-pointer+exact-body
0x0803329C,FUN_0803329c,thumb,rom-pointer+exact-body
0x08033320,FUN_08033320,thumb,rom-pointer+exact-body
0x08033390,FUN_08033390,thumb,rom-pointer+exact-body
0x080333DC,FUN_080333dc,thumb,rom-pointer+exact-body
0x08033404,FUN_08033404,thumb,rom-pointer+exact-body
0x0803342C,FUN_0803342c,thumb,rom-pointer+exact-body
0x08033474,FUN_08033474,thumb,rom-pointer+exact-body
0x080334EC,FUN_080334ec,thumb,rom-pointer+exact-body
0x080335DC,FUN_080335dc,thumb,rom-pointer+exact-body
0x0803362C,FUN_0803362c,thumb,rom-pointer+exact-body
0x0803367C,FUN_0803367c,thumb,rom-pointer+exact-body
0x080336AC,FUN_080336ac,thumb,sequential-prologue+complete-control-flow+sibling-identity+exact-body
0x080336DC,FUN_080336dc,thumb,rom-pointer+exact-body
0x08033A1C,FUN_08033a1c,thumb,rom-pointer+exact-body
0x08033A2C,FUN_08033a2c,thumb,rom-pointer+exact-body
0x08033B60,FUN_08033b60,thumb,rom-pointer+exact-body
0x08033BB4,FUN_08033bb4,thumb,rom-pointer+exact-body
0x08033BC4,FUN_08033bc4,thumb,rom-pointer+exact-body
0x08033BF8,FUN_08033bf8,thumb,rom-pointer+exact-body
0x08033C20,FUN_08033c20,thumb,rom-pointer+exact-body
0x08033C74,FUN_08033c74,thumb,rom-pointer+exact-body
0x08033CC8,FUN_08033cc8,thumb,rom-pointer+exact-body
0x08033CDC,FUN_08033cdc,thumb,rom-pointer+exact-body
0x08033D10,FUN_08033d10,thumb,direct-call+exact-body
0x08033E60,FUN_08033e60,thumb,direct-call+exact-body
0x08033F68,FUN_08033f68,thumb,direct-call+exact-body
0x080340B8,FUN_080340b8,thumb,rom-pointer+exact-body
0x08034430,FUN_08034430,thumb,rom-pointer+exact-body
0x080344D8,FUN_080344d8,thumb,direct-call+exact-body
0x08034514,FUN_08034514,thumb,rom-pointer+exact-body
0x080345CC,FUN_080345cc,thumb,rom-pointer+exact-body
0x0803465C,FUN_0803465c,thumb,rom-pointer+exact-body
0x080349AC,FUN_080349ac,thumb,rom-pointer+exact-body
0x08034D54,FUN_08034d54,thumb,rom-pointer+exact-body
0x08034DD0,FUN_08034dd0,thumb,rom-pointer+exact-body
0x08034E50,FUN_08034e50,thumb,rom-pointer+exact-body
0x08034EBC,FUN_08034ebc,thumb,rom-pointer+exact-body
0x08034EF4,FUN_08034ef4,thumb,rom-pointer+exact-body
0x08034F10,FUN_08034f10,thumb,rom-pointer+exact-body
0x08034F28,FUN_08034f28,thumb,rom-pointer+exact-body
0x08035258,FUN_08035258,thumb,rom-pointer+exact-body
0x08035268,FUN_08035268,thumb,direct-call+exact-body
0x08035408,FUN_08035408,thumb,rom-pointer+exact-body
0x0803551C,FUN_0803551c,thumb,rom-pointer+exact-body
0x080355F0,FUN_080355f0,thumb,rom-pointer+exact-body
0x08035668,FUN_08035668,thumb,rom-pointer+exact-body
0x080356F8,FUN_080356f8,thumb,rom-pointer+exact-body
0x08035760,FUN_08035760,thumb,rom-pointer+exact-body
0x08035798,FUN_08035798,thumb,rom-pointer+exact-body
0x080357D8,FUN_080357d8,thumb,rom-pointer+exact-body
0x08035830,FUN_08035830,thumb,rom-pointer+exact-body
0x0803587C,FUN_0803587c,thumb,rom-pointer+exact-body
0x080358B4,FUN_080358b4,thumb,rom-pointer+exact-body
0x080358DC,FUN_080358dc,thumb,rom-pointer+exact-body
0x08035904,FUN_08035904,thumb,rom-pointer+exact-body
0x08035938,FUN_08035938,thumb,rom-pointer+exact-body
0x08035970,FUN_08035970,thumb,rom-pointer+exact-body
0x080359A4,FUN_080359a4,thumb,rom-pointer+exact-body
0x080359D8,FUN_080359d8,thumb,rom-pointer+exact-body
0x08035A2C,FUN_08035a2c,thumb,rom-pointer+exact-body
0x08035A8C,FUN_08035a8c,thumb,rom-pointer+exact-body
0x08035AD8,FUN_08035ad8,thumb,rom-pointer+exact-body
0x08035B08,FUN_08035b08,thumb,rom-pointer+exact-body
0x08035B28,FUN_08035b28,thumb,rom-pointer+exact-body
0x08035B58,FUN_08035b58,thumb,rom-pointer+exact-body
0x08035B74,FUN_08035b74,thumb,rom-pointer+exact-body
0x08035BA4,FUN_08035ba4,thumb,rom-pointer+exact-body
0x08035BC0,FUN_08035bc0,thumb,rom-pointer+exact-body
0x08035BF0,FUN_08035bf0,thumb,rom-pointer+exact-body
0x08035C0C,FUN_08035c0c,thumb,rom-pointer+exact-body
0x08035C24,FUN_08035c24,thumb,rom-pointer+exact-body
0x08035D8C,FUN_08035d8c,thumb,rom-pointer+exact-body
0x08035F54,FUN_08035f54,thumb,rom-pointer+exact-body
0x08035FAC,FUN_08035fac,thumb,rom-pointer+exact-body
0x08036014,FUN_08036014,thumb,rom-pointer+exact-body
0x0803606C,FUN_0803606c,thumb,rom-pointer-corrected-entry+exact-body
0x080360C4,FUN_080360c4,thumb,rom-pointer+exact-body
0x0803611C,FUN_0803611c,thumb,rom-pointer+exact-body
0x08036174,FUN_08036174,thumb,rom-pointer+exact-body
0x08036244,FUN_08036244,thumb,rom-pointer+exact-body
0x08036260,FUN_08036260,thumb,rom-pointer+exact-body
0x08036288,FUN_08036288,thumb,rom-pointer+exact-body
0x080362A4,FUN_080362a4,thumb,rom-pointer+exact-body
0x080362C0,FUN_080362c0,thumb,recursive-disassembly+exact-body
0x080362DC,FUN_080362dc,thumb,rom-pointer+exact-body
0x0803631C,FUN_0803631c,thumb,rom-pointer+exact-body
0x08036350,FUN_08036350,thumb,direct-call+exact-body
0x08036428,FUN_08036428,thumb,direct-call+exact-body
0x080364D8,FUN_080364d8,thumb,direct-call+exact-body
0x08036560,FUN_08036560,thumb,rom-pointer+exact-body
0x08036888,FUN_08036888,thumb,rom-pointer+exact-body
0x08036898,FUN_08036898,thumb,rom-pointer+exact-body
0x080368C0,FUN_080368c0,thumb,direct-call+exact-body
0x080368DC,FUN_080368dc,thumb,rom-pointer+exact-body
0x08036CE4,FUN_08036ce4,thumb,rom-pointer+exact-body
0x08036D1C,FUN_08036d1c,thumb,rom-pointer+exact-body
0x08036D4C,FUN_08036d4c,thumb,rom-pointer+exact-body
0x08036D90,FUN_08036d90,thumb,rom-pointer+exact-body
0x08036E08,FUN_08036e08,thumb,rom-pointer+exact-body
0x08036E64,FUN_08036e64,thumb,rom-pointer+exact-body
0x080370B8,FUN_080370b8,thumb,rom-pointer+exact-body
0x08037100,FUN_08037100,thumb,rom-pointer+exact-body
0x08037110,FUN_08037110,thumb,rom-pointer+exact-body
0x08037148,FUN_08037148,thumb,direct-call+exact-body
0x080375D8,FUN_080375d8,thumb,direct-call+exact-body
0x08037B10,FUN_08037b10,thumb,direct-call+exact-body
0x08037D44,FUN_08037d44,thumb,rom-pointer+exact-body
0x080380B0,FUN_080380b0,thumb,direct-call+exact-body
0x080380E4,FUN_080380e4,thumb,rom-pointer+exact-body
0x080380F4,FUN_080380f4,thumb,rom-pointer+exact-body
0x080381A8,FUN_080381a8,thumb,rom-pointer+exact-body
0x080381E4,FUN_080381e4,thumb,rom-pointer+exact-body
0x08038204,FUN_08038204,thumb,recursive-disassembly+exact-body
0x08038264,FUN_08038264,thumb,recovered-unreferenced+exact-body
0x080382BC,FUN_080382bc,thumb,direct-call+exact-body
0x08038360,FUN_08038360,thumb,direct-call+exact-body
0x08038404,FUN_08038404,thumb,recursive-disassembly+exact-body
0x08038448,FUN_08038448,thumb,rom-pointer+exact-body
0x08038698,FUN_08038698,thumb,rom-pointer+exact-body
0x08038724,FUN_08038724,thumb,rom-pointer+exact-body
0x0803876C,FUN_0803876c,thumb,rom-pointer+exact-body
0x0803878C,FUN_0803878c,thumb,rom-pointer+exact-body
0x080387B4,FUN_080387b4,thumb,rom-pointer+exact-body
0x080387DC,FUN_080387dc,thumb,rom-pointer+exact-body
0x08038820,FUN_08038820,thumb,rom-pointer+exact-body
0x08038850,FUN_08038850,thumb,rom-pointer+exact-body
0x080388A0,FUN_080388a0,thumb,rom-pointer+exact-body
0x08038918,FUN_08038918,thumb,rom-pointer+exact-body
0x0803895C,FUN_0803895c,thumb,rom-pointer+exact-body
0x080389A8,FUN_080389a8,thumb,rom-pointer+exact-body
0x08038A20,FUN_08038a20,thumb,rom-pointer+exact-body
0x08038A84,FUN_08038a84,thumb,direct-call+exact-body
0x08038C74,FUN_08038c74,thumb,direct-call+exact-body
0x08038E04,FUN_08038e04,thumb,direct-call+exact-body
0x08038F30,FUN_08038f30,thumb,direct-call+exact-body
0x08039044,FUN_08039044,thumb,direct-call+exact-body
0x08039170,FUN_08039170,thumb,direct-call+exact-body
0x08039260,FUN_08039260,thumb,direct-call+exact-body
0x08039374,FUN_08039374,thumb,direct-call+exact-body
0x080394C0,FUN_080394c0,thumb,direct-call+exact-body
0x0803984C,FUN_0803984c,thumb,rom-pointer+exact-body
0x08039BAC,FUN_08039bac,thumb,direct-call+exact-body
0x08039C1C,FUN_08039c1c,thumb,recovered-unreferenced+exact-body
0x08039C3C,FUN_08039c3c,thumb,direct-call+exact-body
0x08039C5C,FUN_08039c5c,thumb,rom-pointer+exact-body
0x08039C6C,FUN_08039c6c,thumb,rom-pointer+exact-body
0x08039D00,FUN_08039d00,thumb,rom-pointer+exact-body
0x08039D28,FUN_08039d28,thumb,rom-pointer+exact-body
0x08039DA0,FUN_08039da0,thumb,rom-pointer+exact-body
0x08039DBC,FUN_08039dbc,thumb,rom-pointer+exact-body
0x08039DD8,FUN_08039dd8,thumb,rom-pointer+exact-body
0x08039E20,FUN_08039e20,thumb,rom-pointer+exact-body
0x08039FD0,FUN_08039fd0,thumb,rom-pointer+exact-body
0x08039FE0,FUN_08039fe0,thumb,rom-pointer+exact-body
0x0803A0F8,FUN_0803a0f8,thumb,rom-pointer+direct-call+exact-body
0x0803A260,FUN_0803a260,thumb,rom-pointer+exact-body
0x0803A3B8,FUN_0803a3b8,thumb,rom-pointer+exact-body
0x0803A428,FUN_0803a428,thumb,rom-pointer+exact-body
0x0803A478,FUN_0803a478,thumb,rom-pointer+exact-body
0x0803A4BC,FUN_0803a4bc,thumb,direct-call+exact-body
0x0803A9DC,FUN_0803a9dc,thumb,direct-call+exact-body
0x0803AE04,FUN_0803ae04,thumb,rom-pointer+exact-body
0x0803B3C4,FUN_0803b3c4,thumb,rom-pointer+exact-body
0x0803B478,FUN_0803b478,thumb,rom-pointer+exact-body
0x0803B53C,FUN_0803b53c,thumb,rom-pointer+exact-body
0x0803B54C,FUN_0803b54c,thumb,rom-pointer+exact-body
0x0803B588,FUN_0803b588,thumb,rom-pointer+exact-body
0x0803B5A8,FUN_0803b5a8,thumb,direct-call+exact-body
0x0803B5DC,FUN_0803b5dc,thumb,recursive-disassembly+exact-body
0x0803B63C,FUN_0803b63c,thumb,recovered-unreferenced+exact-body
0x0803B694,FUN_0803b694,thumb,recovered-unreferenced+exact-body
0x0803B698,FUN_0803b698,thumb,recovered-unreferenced+exact-body
0x0803B69C,FUN_0803b69c,thumb,direct-call+exact-body
0x0803B764,FUN_0803b764,thumb,direct-call+exact-body
0x0803B82C,FUN_0803b82c,thumb,rom-pointer+exact-body
0x0803BAC0,FUN_0803bac0,thumb,rom-pointer+exact-body
0x0803BB08,FUN_0803bb08,thumb,rom-pointer+exact-body
0x0803BB34,FUN_0803bb34,thumb,rom-pointer+exact-body
0x0803BB54,FUN_0803bb54,thumb,rom-pointer+exact-body
0x0803BB7C,FUN_0803bb7c,thumb,rom-pointer+exact-body
0x0803BBC4,FUN_0803bbc4,thumb,rom-pointer+exact-body
0x0803BBF0,FUN_0803bbf0,thumb,rom-pointer+exact-body
0x0803BC10,FUN_0803bc10,thumb,rom-pointer+exact-body
0x0803BC38,FUN_0803bc38,thumb,rom-pointer+exact-body
0x0803BC70,FUN_0803bc70,thumb,recursive-disassembly+exact-body
0x0803BCDC,FUN_0803bcdc,thumb,rom-pointer+exact-body
0x0803BD0C,FUN_0803bd0c,thumb,rom-pointer+exact-body
0x0803BD5C,FUN_0803bd5c,thumb,rom-pointer+exact-body
0x0803BD8C,FUN_0803bd8c,thumb,rom-pointer+exact-body
0x0803BE04,FUN_0803be04,thumb,rom-pointer+exact-body
0x0803BE50,FUN_0803be50,thumb,rom-pointer+exact-body
0x0803BEA8,FUN_0803bea8,thumb,rom-pointer+exact-body
0x0803BEF0,FUN_0803bef0,thumb,rom-pointer+exact-body
0x0803BF68,FUN_0803bf68,thumb,rom-pointer+exact-body
0x0803BFCC,FUN_0803bfcc,thumb,direct-call+exact-body
0x0803C378,FUN_0803c378,thumb,rom-pointer+exact-body
0x0803C844,FUN_0803c844,thumb,rom-pointer+exact-body
0x0803C854,FUN_0803c854,thumb,rom-pointer+exact-body
0x0803C8E8,FUN_0803c8e8,thumb,rom-pointer+exact-body
0x0803C9C0,FUN_0803c9c0,thumb,rom-pointer+exact-body
0x0803CAA4,FUN_0803caa4,thumb,rom-pointer+exact-body
0x0803CB1C,FUN_0803cb1c,thumb,rom-pointer+exact-body
0x0803CB38,FUN_0803cb38,thumb,rom-pointer+exact-body
0x0803CB54,FUN_0803cb54,thumb,rom-pointer+exact-body
0x0803CB64,FUN_0803cb64,thumb,rom-pointer+exact-body
0x0803CF9C,FUN_0803cf9c,thumb,rom-pointer+exact-body
0x0803CFAC,FUN_0803cfac,thumb,rom-pointer+exact-body
0x0803D034,FUN_0803d034,thumb,rom-pointer+exact-body
0x0803D100,FUN_0803d100,thumb,rom-pointer+exact-body
0x0803D128,FUN_0803d128,thumb,rom-pointer+exact-body
0x0803D168,FUN_0803d168,thumb,rom-pointer+exact-body
0x0803D1A0,FUN_0803d1a0,thumb,rom-pointer+exact-body
0x0803D408,FUN_0803d408,thumb,rom-pointer+exact-body
0x0803D510,FUN_0803d510,thumb,rom-pointer+exact-body
0x0803D63C,FUN_0803d63c,thumb,rom-pointer+exact-body
0x0803D748,FUN_0803d748,thumb,rom-pointer+exact-body
0x0803D860,FUN_0803d860,thumb,rom-pointer+exact-body
0x0803DD14,FUN_0803dd14,thumb,rom-pointer+exact-body
0x0803E1B0,FUN_0803e1b0,thumb,rom-pointer+exact-body
0x0803E6E8,FUN_0803e6e8,thumb,rom-pointer+exact-body
0x0803E74C,FUN_0803e74c,thumb,rom-pointer+exact-body
0x0803E7A8,FUN_0803e7a8,thumb,rom-pointer+exact-body
0x0803E8D8,FUN_0803e8d8,thumb,rom-pointer+exact-body
0x0803F0C8,FUN_0803f0c8,thumb,rom-pointer+exact-body
0x0803F6A4,FUN_0803f6a4,thumb,rom-pointer+exact-body
0x0803F7CC,FUN_0803f7cc,thumb,rom-pointer+exact-body
0x0803F81C,FUN_0803f81c,thumb,direct-call+exact-body
0x0803F8DC,FUN_0803f8dc,thumb,direct-call+exact-body
0x0803FA90,FUN_0803fa90,thumb,direct-call+exact-body
0x0803FB2C,FUN_0803fb2c,thumb,rom-pointer+exact-body
0x0803FD4C,FUN_0803fd4c,thumb,direct-call+exact-body
0x0803FD9C,FUN_0803fd9c,thumb,direct-call+exact-body
0x0803FE98,FUN_0803fe98,thumb,direct-call+exact-body
0x0803FF98,FUN_0803ff98,thumb,direct-call+exact-body
0x08040044,FUN_08040044,thumb,direct-call+exact-body
0x08040198,FUN_08040198,thumb,direct-call+exact-body
0x080402A0,FUN_080402a0,thumb,rom-pointer+exact-body
0x080402B0,FUN_080402b0,thumb,rom-pointer+exact-body
0x08040328,FUN_08040328,thumb,direct-call+exact-body
0x0804033C,FUN_0804033c,thumb,direct-call+exact-body
0x08040360,FUN_08040360,thumb,direct-call+exact-body
0x080403AC,FUN_080403ac,thumb,direct-call+exact-body
0x080403C0,FUN_080403c0,thumb,direct-call+exact-body
0x08040408,FUN_08040408,thumb,rom-pointer+direct-call+exact-body
0x08040460,FUN_08040460,thumb,direct-call+exact-body
0x08040470,FUN_08040470,thumb,direct-call+exact-body
0x080404EC,FUN_080404ec,thumb,direct-call+exact-body
0x0804051C,FUN_0804051c,thumb,direct-call+exact-body
0x08040578,FUN_08040578,thumb,direct-call+exact-body
0x080405A8,FUN_080405a8,thumb,direct-call+exact-body
0x080405E8,FUN_080405e8,thumb,direct-call+exact-body
0x080405F4,FUN_080405f4,thumb,direct-call+exact-body
0x08040624,FUN_08040624,thumb,direct-call+exact-body
0x08040684,FUN_08040684,thumb,direct-call+exact-body
0x08040698,FUN_08040698,thumb,direct-call+exact-body
0x080406B4,FUN_080406b4,thumb,direct-call+exact-body
0x080406D4,FUN_080406d4,thumb,direct-call+exact-body
0x08040758,FUN_08040758,thumb,rom-pointer+direct-call+exact-body
0x08040B6C,FUN_08040b6c,thumb,direct-call+exact-body
0x08040BEC,FUN_08040bec,thumb,rom-pointer+exact-body
0x08040C9C,FUN_08040c9c,thumb,rom-pointer+exact-body
0x08040D6C,FUN_08040d6c,thumb,rom-pointer+exact-body
0x08040E6C,FUN_08040e6c,thumb,direct-call+exact-body
0x080411FC,FUN_080411fc,thumb,direct-call+exact-body
0x080412DC,FUN_080412dc,thumb,rom-pointer+exact-body
0x08041458,FUN_08041458,thumb,rom-pointer+exact-body
0x0804155C,FUN_0804155c,thumb,direct-call+exact-body
0x08041808,FUN_08041808,thumb,rom-pointer+exact-body
0x08041860,FUN_08041860,thumb,direct-call+exact-body
0x08041920,FUN_08041920,thumb,direct-call+exact-body
0x080419D4,FUN_080419d4,thumb,direct-call+exact-body
0x08041A88,FUN_08041a88,thumb,rom-pointer+exact-body
0x08041BAC,FUN_08041bac,thumb,rom-pointer+exact-body
0x08041C14,FUN_08041c14,thumb,rom-pointer+exact-body
0x08041D0C,FUN_08041d0c,thumb,rom-pointer+exact-body
0x08041E2C,FUN_08041e2c,thumb,rom-pointer+exact-body
0x08041F24,FUN_08041f24,thumb,rom-pointer+exact-body
0x08041F84,FUN_08041f84,thumb,rom-pointer+exact-body
0x08042044,FUN_08042044,thumb,rom-pointer+exact-body
0x080420DC,FUN_080420dc,thumb,rom-pointer+exact-body
0x08042180,FUN_08042180,thumb,rom-pointer+exact-body
0x0804224C,FUN_0804224c,thumb,direct-call+exact-body
0x0804230C,FUN_0804230c,thumb,rom-pointer
0x0804280C,FUN_0804280c,thumb,rom-pointer+exact-body
0x080428D0,FUN_080428d0,thumb,direct-call+exact-body
0x08042EA8,FUN_08042ea8,thumb,direct-call+exact-body
0x08043640,FUN_08043640,thumb,rom-pointer+exact-body
0x080436AC,FUN_080436ac,thumb,rom-pointer+exact-body
0x08043A3C,FUN_08043a3c,thumb,rom-pointer+exact-body
0x08043CF8,FUN_08043cf8,thumb,direct-call+exact-body
0x08043D74,FUN_08043d74,thumb,direct-call+exact-body
0x08043DAC,FUN_08043dac,thumb,direct-call+exact-body
0x08043E28,FUN_08043e28,thumb,rom-pointer+exact-body
0x08043E44,FUN_08043e44,thumb,direct-call+exact-body
0x08043E5C,FUN_08043e5c,thumb,rom-pointer+exact-body
0x08043E60,FUN_08043e60,thumb,rom-pointer+exact-body
0x08043EA0,FUN_08043ea0,thumb,rom-pointer+exact-body
0x08043EE4,FUN_08043ee4,thumb,rom-pointer+exact-body
0x08043F00,FUN_08043f00,thumb,rom-pointer+exact-body
0x08043F2C,FUN_08043f2c,thumb,rom-pointer+exact-body
0x08043F7C,FUN_08043f7c,thumb,rom-pointer+exact-body
0x08043FC0,FUN_08043fc0,thumb,rom-pointer+direct-call+exact-body
0x080440E4,FUN_080440e4,thumb,rom-pointer+exact-body
0x08044918,FUN_08044918,thumb,direct-call+exact-body
0x0804542C,FUN_0804542c,thumb,rom-pointer+exact-body
0x080454D0,FUN_080454d0,thumb,rom-pointer+exact-body
0x08045590,FUN_08045590,thumb,rom-pointer+exact-body
0x08045644,FUN_08045644,thumb,rom-pointer+exact-body
0x080457F0,FUN_080457f0,thumb,rom-pointer+exact-body
0x08045840,FUN_08045840,thumb,rom-pointer+exact-body
0x08045928,FUN_08045928,thumb,rom-pointer+exact-body
0x08045A00,FUN_08045a00,thumb,rom-pointer+exact-body
0x08045A5C,FUN_08045a5c,thumb,direct-call+exact-body
0x08045B1C,FUN_08045b1c,thumb,rom-pointer+exact-body
0x08045D30,FUN_08045d30,thumb,rom-pointer+exact-body
0x08045DF0,FUN_08045df0,thumb,rom-pointer+exact-body
0x080460AC,FUN_080460ac,thumb,rom-pointer+exact-body
0x080461B4,FUN_080461b4,thumb,rom-pointer+exact-body
0x080462C8,FUN_080462c8,thumb,rom-pointer+exact-body
0x080463F4,FUN_080463f4,thumb,rom-pointer+exact-body
0x08046538,FUN_08046538,thumb,rom-pointer+exact-body
0x0804666C,FUN_0804666c,thumb,rom-pointer+exact-body
0x08046918,FUN_08046918,thumb,direct-call+exact-body
0x08046998,FUN_08046998,thumb,rom-pointer+exact-body
0x08046A18,FUN_08046a18,thumb,rom-pointer+exact-body
0x08046AA4,FUN_08046aa4,thumb,rom-pointer+exact-body
0x08046AF8,FUN_08046af8,thumb,direct-call+exact-body
0x08046BC4,FUN_08046bc4,thumb,rom-pointer+exact-body
0x08046F00,FUN_08046f00,thumb,rom-pointer+exact-body
0x080470E4,FUN_080470e4,thumb,rom-pointer+exact-body
0x080471DC,FUN_080471dc,thumb,rom-pointer+exact-body
0x08047258,FUN_08047258,thumb,rom-pointer+exact-body
0x08047384,FUN_08047384,thumb,rom-pointer+exact-body
0x08047448,FUN_08047448,thumb,rom-pointer+exact-body
0x080475DC,FUN_080475dc,thumb,rom-pointer+exact-body
0x080476E0,FUN_080476e0,thumb,direct-call+exact-body
0x080477C0,FUN_080477c0,thumb,rom-pointer+exact-body
0x0804785C,FUN_0804785c,thumb,rom-pointer+exact-body
0x080478C8,FUN_080478c8,thumb,rom-pointer+exact-body
0x08047948,FUN_08047948,thumb,rom-pointer+exact-body
0x08047A00,FUN_08047a00,thumb,rom-pointer+exact-body
0x08047ACC,FUN_08047acc,thumb,rom-pointer+exact-body
0x08047B40,FUN_08047b40,thumb,rom-pointer+exact-body
0x08047BD8,FUN_08047bd8,thumb,rom-pointer+exact-body
0x08047C30,FUN_08047c30,thumb,rom-pointer+exact-body
0x08047D1C,FUN_08047d1c,thumb,rom-pointer+exact-body
0x08047EC4,FUN_08047ec4,thumb,rom-pointer+exact-body
0x08047F20,FUN_08047f20,thumb,rom-pointer+exact-body
0x08047F7C,FUN_08047f7c,thumb,rom-pointer+exact-body
0x08047FC0,FUN_08047fc0,thumb,rom-pointer+exact-body
0x08047FE4,FUN_08047fe4,thumb,rom-pointer+exact-body
0x08048014,FUN_08048014,thumb,rom-pointer+exact-body
0x08048074,FUN_08048074,thumb,rom-pointer+exact-body
0x080480D4,FUN_080480d4,thumb,rom-pointer+exact-body
0x08048148,FUN_08048148,thumb,rom-pointer+exact-body
0x08048184,FUN_08048184,thumb,rom-pointer+exact-body
0x080481C8,FUN_080481c8,thumb,rom-pointer+exact-body
0x08048200,FUN_08048200,thumb,rom-pointer+exact-body
0x0804825C,FUN_0804825c,thumb,rom-pointer+exact-body
0x08048284,FUN_08048284,thumb,rom-pointer+exact-body
0x080482A8,FUN_080482a8,thumb,rom-pointer+exact-body
0x080482B4,FUN_080482b4,thumb,rom-pointer+exact-body
0x080482D0,FUN_080482d0,thumb,rom-pointer+exact-body
0x080482E8,FUN_080482e8,thumb,rom-pointer+exact-body
0x08048300,FUN_08048300,thumb,rom-pointer+exact-body
0x0804833C,umul3232H32,arm,direct-call+sdk-correlation
0x0804834C,SoundMain,thumb,direct-call+sdk-correlation
0x080483D0,SoundMainRAM,thumb,rom-pointer+sdk-correlation
0x0804876E,FUN_0804876e,thumb,direct-call
0x08048774,SoundMainBTM,thumb,rom-pointer+sdk-correlation
0x0804878C,MP2KClearChain,thumb,rom-pointer+direct-call+sdk-correlation
0x080487AC,MP2K_event_fine,thumb,rom-pointer+sdk-correlation
0x080487DC,MPlayJumpTableCopy,thumb,direct-call+sdk-correlation
0x080487F4,FUN_080487f4,thumb,direct-call
0x080487F6,FUN_080487f6,thumb,direct-call
0x08048810,ld_r3_tp_adr_i,thumb,direct-call+sdk-correlation
0x08048812,FUN_08048812,thumb,direct-call
0x0804881C,MP2K_event_goto,thumb,rom-pointer+sdk-correlation
0x0804883C,MP2K_event_patt,thumb,rom-pointer+sdk-correlation
0x08048858,MP2K_event_pend,thumb,rom-pointer+sdk-correlation
0x0804886C,MP2K_event_rept,thumb,rom-pointer+sdk-correlation
0x0804889C,MP2K_event_prio,thumb,rom-pointer+sdk-correlation
0x080488A8,MP2K_event_tempo,thumb,rom-pointer+sdk-correlation
0x080488BC,MP2K_event_keysh,thumb,rom-pointer+sdk-correlation
0x080488D0,MP2K_event_voice,thumb,rom-pointer+sdk-correlation
0x08048900,MP2K_event_vol,thumb,rom-pointer+sdk-correlation
0x08048914,MP2K_event_pan,thumb,rom-pointer+sdk-correlation
0x08048928,MP2K_event_bend,thumb,rom-pointer+sdk-correlation
0x0804893C,MP2K_event_bendr,thumb,rom-pointer+sdk-correlation
0x08048950,MP2K_event_lfodl,thumb,rom-pointer+sdk-correlation
0x0804895C,MP2K_event_modt,thumb,rom-pointer+sdk-correlation
0x08048974,MP2K_event_tune,thumb,rom-pointer+sdk-correlation
0x08048988,MP2K_event_port,thumb,rom-pointer+sdk-correlation
0x080489A0,MP2KPlayerMain,thumb,rom-pointer+sdk-correlation
0x08048BF8,FUN_08048bf8,thumb,direct-call
0x08048C08,FUN_08048c08,thumb,rom-pointer+direct-call
0x08048C4C,ChnVolSetAsm,thumb,direct-call+sa2-relocation-masked-byte-match
0x08048C7C,MP2K_event_nxx,thumb,rom-pointer+sdk-correlation
0x08048E7C,MP2K_event_endtie,thumb,rom-pointer+sa2-relocation-masked-byte-match
0x08048EBC,clear_modM,thumb,direct-call+sa2-relocation-masked-byte-match
0x08048ED8,FUN_08048ed8,thumb,direct-call
0x08048EE4,MP2K_event_lfos,thumb,rom-pointer+sa2-relocation-masked-byte-match
0x08048EF8,MP2K_event_mod,thumb,rom-pointer+sa2-relocation-masked-byte-match
0x08048F0C,FUN_08048f0c,thumb,direct-call
0x08048F74,MPlayContinue,thumb,direct-call+sdk-correlation+exact-body
0x08048F94,MPlayFadeOut,thumb,direct-call+sdk-correlation+exact-body
0x08048FB8,m4aSoundInit,thumb,direct-call+sdk-correlation+exact-body
0x08049030,m4aSoundMain,thumb,direct-call+sdk-correlation+exact-body
0x0804903C,m4aSongNumStart,thumb,direct-call+sdk-correlation+exact-body
0x08049068,m4aSongNumStartOrChange,thumb,sdk-correlation+exact-body
0x080490B4,m4aSongNumStartOrContinue,thumb,direct-call+sdk-correlation+exact-body
0x08049108,m4aSongNumStop,thumb,direct-call+sdk-correlation+exact-body
0x0804913C,m4aSongNumContinue,thumb,sdk-correlation+exact-body
0x08049170,m4aMPlayAllStop,thumb,direct-call+sdk-correlation+exact-body
0x0804919C,m4aMPlayContinue,thumb,sdk-correlation+exact-body
0x080491A8,m4aMPlayAllContinue,thumb,sdk-correlation+exact-body
0x080491D4,m4aMPlayFadeOut,thumb,direct-call+sa2-relocation-masked-byte-match+exact-body
0x080491E4,m4aMPlayFadeOutTemporarily,thumb,direct-call+sdk-correlation+exact-body
0x08049208,m4aMPlayFadeIn,thumb,recursive-disassembly+sdk-correlation+exact-body
0x08049234,m4aMPlayImmInit,thumb,direct-call+sdk-correlation+exact-body
0x0804929C,MPlayExtender,thumb,direct-call+sdk-correlation+exact-body
0x080493B4,MusicPlayerJumpTableCopy,thumb,sdk-correlation+exact-body
0x080493B8,ClearChain,thumb,direct-call+sdk-correlation+exact-body
0x080493CC,Clear64byte,thumb,direct-call+sdk-correlation+exact-body
0x080493E0,SoundInit,thumb,direct-call+sdk-correlation+exact-body
0x080494D8,SampleFreqSet,thumb,rom-pointer+direct-call+sdk-correlation+exact-body
0x08049544,m4aSoundMode,thumb,direct-call+sdk-correlation+exact-body
0x080495D8,SoundClear,thumb,recursive-disassembly+sdk-correlation+exact-body
0x0804962C,m4aSoundVSyncOff,thumb,direct-call+sdk-correlation+exact-body
0x080496AC,m4aSoundVSyncOn,thumb,direct-call+sdk-correlation+exact-body
0x08049724,m4aSoundVSync,thumb,direct-call+sdk-correlation+exact-body
0x080497A4,MPlayOpen,thumb,direct-call+sdk-correlation+exact-body
0x0804981C,MPlayStart,thumb,direct-call+sdk-correlation+exact-body
0x08049900,MPlayStop,thumb,direct-call+sdk-correlation+exact-body
0x08049940,FadeOutBody,thumb,rom-pointer+direct-call+sdk-correlation+exact-body
0x08049A08,TrkVolPitSet,thumb,rom-pointer+direct-call+sdk-correlation+exact-body
0x08049ABC,MidiKeyToCgbFreq,thumb,rom-pointer+sdk-correlation+exact-body
0x08049B64,CgbOscOff,thumb,rom-pointer+direct-call+sdk-correlation+exact-body
0x08049BB8,CgbModVol,thumb,direct-call+sdk-correlation+exact-body
0x08049C20,CgbSound,thumb,rom-pointer+sdk-correlation+exact-body
0x0804A0A0,m4aMPlayTempoControl,thumb,direct-call+sdk-correlation+exact-body
0x0804A0C4,m4aMPlayVolumeControl,thumb,direct-call+sdk-correlation+exact-body
0x0804A12C,m4aMPlayPitchControl,thumb,recursive-disassembly+sdk-correlation+exact-body
0x0804A1A0,m4aMPlayPanpotControl,thumb,direct-call+sdk-correlation+exact-body
0x0804A208,ClearModM,thumb,direct-call+sdk-correlation+exact-body
0x0804A22C,m4aMPlayModDepthSet,thumb,recursive-disassembly+sdk-correlation+exact-body
0x0804A2A0,m4aMPlayLFOSpeedSet,thumb,recursive-disassembly+sdk-correlation+exact-body
0x0804A314,MP2K_event_memacc,thumb,rom-pointer+sdk-correlation+exact-body
0x0804A46C,MP2K_event_xcmd,thumb,rom-pointer+sdk-correlation+exact-body
0x0804A48C,MP2K_event_xxx,thumb,rom-pointer+sdk-correlation+exact-body
0x0804A4A0,MP2K_event_xwave,thumb,rom-pointer+sdk-correlation+exact-body
0x0804A4E8,MP2K_event_xtype,thumb,rom-pointer+sa2-relocation-masked-byte-match+exact-body
0x0804A4FC,MP2K_event_xatta,thumb,rom-pointer+sa2-relocation-masked-byte-match+exact-body
0x0804A510,MP2K_event_xdeca,thumb,rom-pointer+sa2-relocation-masked-byte-match+exact-body
0x0804A524,MP2K_event_xsust,thumb,rom-pointer+sa2-relocation-masked-byte-match+exact-body
0x0804A538,MP2K_event_xrele,thumb,rom-pointer+sa2-relocation-masked-byte-match+exact-body
0x0804A54C,MP2K_event_xiecv,thumb,rom-pointer+sa2-relocation-masked-byte-match+exact-body
0x0804A558,MP2K_event_xiecl,thumb,rom-pointer+sa2-relocation-masked-byte-match+exact-body
0x0804A564,MP2K_event_xleng,thumb,rom-pointer+sa2-relocation-masked-byte-match+exact-body
0x0804A578,MP2K_event_xswee,thumb,rom-pointer+sa2-relocation-masked-byte-match+exact-body
0x0804A58C,MP2K_event_null,thumb,rom-pointer+sdk-correlation+exact-body
