address,end
0x080000c0,0x080000F4
0x08000104,0x080001CC
0x080001d0,0x0800020C
0x08000210,0x0800035C
0x080003a8,0x080005A0
0x080005ac,0x080006A2
0x080006d0,0x080006EC
0x080006ec,0x08000712
0x08000724,0x08000768
0x08000778,0x080007E2
0x080007fc,0x08000A0E
0x08000a2c,0x08000CAE
0x08000cf4,0x08000DF4
0x08000e04,0x08001448
0x08001476,0x08001480
0x080014a8,0x08001610
0x08001614,0x080016C4
0x080016c4,0x08001860
0x0800186c,0x08001B04
0x08001b0c,0x0800242A
0x08002442,0x080026BE
0x08002700,0x08002908
0x0800290c,0x08003126
0x08003142,0x0800320E
0x08003220,0x08003322
0x08003338,0x0800336A
0x08003370,0x080033AC
0x080033b4,0x0800340E
0x08003414,0x08003428
0x08003428,0x08003476
0x08003488,0x080034E4
0x080034f0,0x080036D2
0x080036dc,0x08003D14
0x080040fa,0x080043C4
0x08004434,0x08004444
0x0800444c,0x080047DE
0x080047e0,0x0800486A
0x0800486c,0x08005108
0x08005110,0x080051D6
0x080052e8,0x080052F8
0x08005310,0x08005974
0x0800597c,0x08006126
0x08006134,0x080066CA
0x080066d8,0x0800673C
0x0800673c,0x080069A4
0x080069ac,0x08006E56
0x08006e64,0x08006FF2
0x08006ff4,0x080074A8
0x080074a8,0x0800766A
0x08007670,0x0800770E
0x080077f4,0x08007E24
0x08007e24,0x08007E68
0x08007e9c,0x08007EC2
0x08007ec8,0x08007F50
0x08007fb0,0x08008864
0x0800964c,0x08009662
0x08009722,0x08009F74
0x0800aa10,0x0800AA32
0x0800aaf2,0x0800AB32
0x0800abb2,0x0800ABF2
0x0800b084,0x0800B08C
0x0800b098,0x0800B0B2
0x0800baa4,0x0800BAAA
0x0800baac,0x0800BB7A
0x0800bb88,0x0800C030
0x0800c036,0x0800C1B6
0x0800c1c8,0x0800C724
0x0800c728,0x0800C7C2
0x0800cb02,0x0800CBAC
0x0800ce3e,0x0800CEBA
0x0800cec8,0x0800CF48
0x0800d20a,0x0800EAEC
0x0800eaec,0x0800F024
0x0800f024,0x0800F0A4
0x0800f0ac,0x0800F3B2
0x0800f3c4,0x0800F460
0x0800f4e4,0x0800F4FC
0x0800f512,0x0800F5AA
0x0800f5bc,0x0800F9BE
0x0800f9c0,0x0800FA2C
0x0800fa68,0x0800FD7E
0x0800fd8c,0x0800FDC0
0x0800fdc8,0x0800FDE4
0x0800fdea,0x0800FF10
0x0801027a,0x08010408
0x0801085e,0x0801092E
0x08010944,0x08010AD6
0x08010b00,0x08010B06
0x08010b0c,0x08010D82
0x08010e0c,0x08010E1C
0x08010f10,0x08010FA4
0x08011000,0x08011054
0x080110f0,0x08011560
0x08011c2c,0x08011C38
0x08011c7c,0x08011E1E
0x08011e22,0x08011F36
0x080120c8,0x080121E6
0x080122dc,0x080123BE
0x08012468,0x080125D0
0x080125dc,0x080127CC
0x080127d0,0x08012B5C
0x08012b60,0x08012B90
0x08012b98,0x08012BBC
0x08013100,0x08013108
0x0801311e,0x080131FC
0x08013214,0x08013252
0x080135f4,0x08014D14
0x08014e7e,0x08014F74
0x08015000,0x08015368
0x08015370,0x08015384
0x08015384,0x080153DE
0x080153e0,0x08015494
0x08015498,0x08015844
0x0801584c,0x08015852
0x08015858,0x080158C0
0x080158c0,0x080158E2
0x080158e4,0x08015912
0x08015924,0x08015E20
0x08015e30,0x08015F36
0x08015f40,0x08015F52
0x08015f58,0x08015F66
0x08015f6c,0x08015FA0
0x08015fa4,0x0801605E
0x08016078,0x08016356
0x080163c0,0x08016432
0x08016438,0x08016676
0x08016684,0x08016924
0x0801694c,0x08016A34
0x08016a44,0x08016B1E
0x08016b30,0x08016B54
0x0801700a,0x08017014
0x080175aa,0x080175C6
0x080175d4,0x08017684
0x08017690,0x080176DE
0x080176e4,0x080177AC
0x080177b8,0x080178CA
0x080178d0,0x0801795A
0x08017964,0x080179C6
0x080179d0,0x08017A80
0x08017b74,0x08017C3C
0x08017c5c,0x08017C6C
0x08017c74,0x08017CA2
0x08017cb0,0x08017CCE
0x08017cd8,0x08017CEA
0x08017cf4,0x08017D56
0x08017d58,0x08017D74
0x08017d78,0x08017DE2
0x08017de8,0x08017E56
0x08017e5c,0x08017ECA
0x08017ed0,0x08017EE0
0x08017eec,0x08017EF8
0x08017f00,0x08017F2C
0x08017f34,0x08017F50
0x08017f58,0x08017F62
0x08017f6c,0x08017F76
0x08017f80,0x08017FAC
0x08017fb0,0x08017FF8
0x08018004,0x08018084
0x0801808c,0x080180D0
0x080180d4,0x080180EA
0x080180f0,0x0801816C
0x0801816c,0x080181F2
0x08018204,0x08018242
0x0801824c,0x0801829A
0x080182ac,0x080182D8
0x080182e4,0x080182FA
0x08018300,0x08018312
0x08018318,0x08018384
0x08018390,0x08018398
0x0801839c,0x080183BA
0x080183c4,0x080183CA
0x080183d0,0x08018406
0x08018410,0x0801842E
0x08018444,0x080184AA
0x080184c8,0x08018504
0x08018530,0x08018564
0x0801856c,0x080185A8
0x080185a8,0x080185C8
0x080185cc,0x080185D6
0x080185d8,0x0801863E
0x08018654,0x08018662
0x08018664,0x08018666
0x08018668,0x08018674
0x08018678,0x0801870E
0x08018730,0x0801886C
0x0801886c,0x0801890A
0x08018918,0x08018A8C
0x08018a8c,0x08018B1A
0x08018b24,0x08018C04
0x08018c20,0x08018C36
0x08018c3c,0x08018C70
0x08018c8c,0x080191A8
0x080191a8,0x08019212
0x08019220,0x08019274
0x08019274,0x080193B4
0x080193b4,0x080194D0
0x080194d0,0x080194FC
0x0801950c,0x0801951E
0x08019520,0x08019560
0x08019568,0x0801974C
0x0801974c,0x08019814
0x08019814,0x080198B0
0x080198b0,0x08019B02
0x08019b5c,0x08019ECE
0x08019ed8,0x0801A048
0x0801a04c,0x0801A216
0x0801a228,0x0801A61C
0x0801a61c,0x0801A6A0
0x0801a6a8,0x0801A892
0x0801a898,0x0801AAD6
0x0801aadc,0x0801AB8C
0x0801ad38,0x0801AFB8
0x0801afc4,0x0801B390
0x0801b394,0x0801BCA0
0x0801bcac,0x0801BD8E
0x0801bd90,0x0801C08E
0x0801c090,0x0801C28C
0x0801c28c,0x0801C49E
0x0801c4bc,0x0801C76A
0x0801c770,0x0801C81A
0x0801c82c,0x0801C84E
0x0801c85c,0x0801C8A2
0x0801c8a4,0x0801C8E2
0x0801c8f0,0x0801C906
0x0801c910,0x0801C926
0x0801c930,0x0801C958
0x0801c968,0x0801CE70
0x0801ce70,0x0801CE86
0x0801ce8c,0x0801CEEC
0x0801ceec,0x0801CF34
0x0801cf34,0x0801CF80
0x0801cf80,0x0801CFA2
0x0801cfa4,0x0801CFC6
0x0801cfc8,0x0801D066
0x0801d068,0x0801D188
0x0801d188,0x0801D1FE
0x0801d200,0x0801D286
0x0801d288,0x0801D368
0x0801d370,0x0801D3A6
0x0801d3ac,0x0801D3FC
0x0801d408,0x0801D464
0x0801d5b6,0x0801D5D4
0x0801d5d4,0x0801D60E
0x0801d618,0x0801D67A
0x0801d70a,0x0801D870
0x0801d870,0x0801D8DC
0x0801d8f4,0x0801D9DC
0x0801d9e0,0x0801DAE0
0x0801daec,0x0801DB3C
0x0801db4c,0x0801DBB8
0x0801dbd0,0x0801DD2C
0x0801dda0,0x0801DE5A
0x0801de5c,0x0801DEB0
0x0801debc,0x0801DF10
0x0801df1c,0x0801DF70
0x0801df7c,0x0801DFD0
0x0801dfdc,0x0801E038
0x0801e044,0x0801E0B4
0x0801e0c4,0x0801E16E
0x0801e174,0x0801E256
0x0801e258,0x0801E2B8
0x0801e2c8,0x0801E334
0x0801e34c,0x0801E3C0
0x0801e3cc,0x0801E40C
0x0801e41c,0x0801E4F0
0x0801e4f4,0x0801E60E
0x0801e62c,0x0801E68E
0x0801e6a0,0x0801E99C
0x0801e99c,0x0801E9E0
0x0801e9ec,0x0801EA28
0x0801ea38,0x0801EA64
0x0801ea6c,0x0801EABE
0x0801eacc,0x0801EAF0
0x0801eaf8,0x0801EB1C
0x0801eb24,0x0801EB48
0x0801eb50,0x0801EB84
0x0801eb94,0x0801EBB0
0x0801ebb0,0x0801EBE4
0x0801ebf4,0x0801EC10
0x0801ec10,0x0801EC52
0x0801ec64,0x0801ECA6
0x0801ecb8,0x0801ECFA
0x0801ed0c,0x0801ED40
0x0801ed50,0x0801ED6C
0x0801ed6c,0x0801EDB4
0x0801edc0,0x0801EDDC
0x0801eddc,0x0801EE24
0x0801ee30,0x0801EE4C
0x0801ee4c,0x0801EEA8
0x0801eea8,0x0801EED2
0x0801eee0,0x0801EF08
0x0801ef14,0x0801EF42
0x0801ef4c,0x0801EF70
0x0801ef7c,0x0801EFD4
0x0801efd4,0x0801F018
0x0801f024,0x0801F02A
0x0801f030,0x0801F050
0x0801f058,0x0801F078
0x0801f080,0x0801F124
0x0801f128,0x0801F1CC
0x0801f1d0,0x0801F26E
0x0801f274,0x0801F304
0x0801f308,0x0801F31A
0x0801f31c,0x0801F34E
0x0801f350,0x0801F3A4
0x0801f3a4,0x0801F3AE
0x0801f3b0,0x0801F3DE
0x0801f3e4,0x0801F412
0x0801f418,0x0801F442
0x0801f448,0x0801F46E
0x0801f474,0x0801F4F0
0x0801f4f4,0x0801F520
0x0801f524,0x0801F576
0x0801f578,0x0801F5EA
0x0801f5ec,0x0801F5FC
0x0801f600,0x0801F60A
0x0801f60c,0x0801F616
0x0801f618,0x0801F626
0x0801f628,0x0801F636
0x0801f638,0x0801F642
0x0801f644,0x0801F664
0x0801f66c,0x0801F696
0x0801f6a0,0x0801F6CA
0x0801f6d4,0x0801F6F8
0x0801f700,0x0801F70A
0x0801f70c,0x0801F716
0x0801f718,0x0801F73C
0x0801f744,0x0801F768
0x0801f770,0x0801F77E
0x0801f780,0x0801F7BC
0x0801f7d0,0x0801F82A
0x0801f82a,0x0801F89A
0x0801f89c,0x0801F8BA
0x0801f8c0,0x0801F908
0x0801f914,0x0801F92C
0x0801f92c,0x0801F978
0x0801f978,0x0801F9A6
0x0801f9a8,0x0801F9D6
0x0801f9d8,0x0801F9E6
0x0801f9e8,0x0801FAB0
0x0801fab0,0x0801FB60
0x0801fb60,0x0801FB80
0x0801fb94,0x0801FB9C
0x0801fba0,0x0801FBD0
0x0801fbd8,0x0801FBF4
0x0801fbfc,0x0801FC2E
0x0801fc30,0x0801FC4A
0x0801fc54,0x0801FC5C
0x0801fc60,0x0801FCC8
0x0801fcd8,0x0801FD14
0x0801fd18,0x0801FD9E
0x0801fda0,0x0801FED0
0x0801fed8,0x0801FF1E
0x0801ff30,0x0801FF9A
0x0801ffa4,0x0801FFCE
0x0801fff8,0x08020028
0x08020028,0x08020030
0x08020034,0x08020074
0x08020074,0x080200AE
0x080200bc,0x080200D2
0x080200d8,0x080200F2
0x080200f8,0x08020126
0x08020134,0x0802013E
0x08020144,0x08020154
0x08020160,0x08020188
0x08020198,0x080201F8
0x080201f8,0x08020214
0x0802021c,0x0802023E
0x08020244,0x08020358
0x08020360,0x08020368
0x0802036c,0x0802039C
0x080203a4,0x080203F8
0x08020408,0x08020438
0x08020440,0x08020472
0x0802047c,0x080204AE
0x080204b8,0x080204F6
0x08020500,0x080205C6
0x080205d0,0x0802067C
0x0802067c,0x080206E4
0x080206ec,0x0802076A
0x08020774,0x080207EC
0x080207ec,0x08020830
0x08020840,0x08020888
0x08020898,0x080208DC
0x080208ec,0x08020934
0x08020944,0x0802096A
0x08020978,0x08020AC2
0x08020ad0,0x08020B6A
0x08020b74,0x08020C20
0x08020c22,0x08020D1E
0x08020d20,0x08020E14
0x08020e28,0x08020EC2
0x08020ecc,0x08020F12
0x08020f18,0x08020F62
0x08020f64,0x08020F72
0x08020f78,0x08020FA6
0x08020fac,0x08020FB8
0x08020fbc,0x08021000
0x08021000,0x0802104E
0x08021050,0x080210D2
0x080210d8,0x080210F0
0x080210f8,0x0802110C
0x0802110c,0x0802111C
0x08021128,0x0802117E
0x08021180,0x080211D8
0x080211d8,0x080211E8
0x080211f0,0x08021242
0x08021244,0x08021262
0x08021268,0x080212DE
0x080213e4,0x08021462
0x08021484,0x080214BC
0x080214c0,0x08021508
0x08021518,0x0802152A
0x08021534,0x08021562
0x08021564,0x08021580
0x0802158c,0x0802159E
0x080215a8,0x080216AC
0x080216e4,0x080217D0
0x080217d0,0x0802188C
0x0802188c,0x080218A4
0x080218ac,0x080218DC
0x080218dc,0x08021920
0x08021920,0x08021980
0x08021980,0x080219E4
0x080219e4,0x08021A0C
0x08021a10,0x08021A3A
0x08021a40,0x08021A7A
0x08021a84,0x08021B08
0x08021b0c,0x08021E18
0x08021e48,0x08021E6E
0x08021e70,0x08021E94
0x08021ec8,0x08021F02
0x08021f04,0x08021F1A
0x08021f20,0x08021F30
0x08021f34,0x08021FF0
0x08022004,0x08022092
0x080220a4,0x080221DA
0x080221e0,0x080222A8
0x080222c4,0x080223BA
0x080223d8,0x0802244E
0x08022464,0x080227E6
0x080227ec,0x08022852
0x08022864,0x08022956
0x0802296c,0x080229E2
0x080229f4,0x08022AC0
0x08022adc,0x08022C0A
0x08022c2c,0x08022C88
0x08022cac,0x08022DB4
0x08022db8,0x08022E2C
0x08022e38,0x08022F2A
0x08022f40,0x08022FA2
0x08022fa8,0x08022FFC
0x08023010,0x0802302E
0x08023038,0x0802305C
0x08023064,0x080231EC
0x08023218,0x080236B8
0x080236bc,0x0802371C
0x08023728,0x0802381A
0x08023830,0x08023884
0x08023898,0x080238C4
0x080238d0,0x0802391A
0x0802392c,0x08023976
0x08023978,0x08023B02
0x08023b54,0x08023EA4
0x08023ea8,0x08024122
0x08024170,0x080241F4
0x08024204,0x08024258
0x0802426c,0x080242B0
0x080242bc,0x080242F4
0x08024304,0x08024350
0x0802436c,0x08024398
0x080243a4,0x080243D4
0x080243d4,0x08024400
0x0802440c,0x08024464
0x0802446c,0x080244A2
0x080244ac,0x080244BA
0x080244bc,0x080244D6
0x080244d8,0x080244FE
0x0802450c,0x08024532
0x08024540,0x08024570
0x08024570,0x080245A0
0x080245a0,0x080245D6
0x080245dc,0x080245EA
0x080245ec,0x08024606
0x0802460c,0x08024642
0x0802464c,0x0802468E
0x08024698,0x080246C8
0x080246c8,0x080246E0
0x080246e0,0x08024704
0x08024708,0x08024732
0x08024738,0x08024786
0x08024794,0x080247BA
0x080247c4,0x08024820
0x0802482c,0x0802487E
0x08024894,0x080248E0
0x080248f0,0x08024934
0x08024940,0x08024988
0x08024994,0x080249D8
0x080249e4,0x08024A28
0x08024a34,0x08024A9C
0x08024aac,0x08024B04
0x08024b1c,0x08024B6C
0x08024b80,0x08024B8E
0x08024b90,0x08024BCE
0x08024bd8,0x08024C16
0x08024c20,0x08024C2E
0x08024c30,0x08024C7E
0x08024c90,0x08024CFE
0x08024d0c,0x08024DD8
0x08024ddc,0x08024FBA
0x08024fcc,0x08025012
0x08025014,0x08025054
0x08025060,0x08025062
0x08025064,0x08025112
0x08025120,0x0802516E
0x0802517c,0x08025288
0x0802528c,0x080252CA
0x080252d0,0x08025410
0x08025440,0x08025628
0x08025628,0x080256DA
0x080256fc,0x0802572C
0x08025734,0x08025764
0x08025770,0x080257AE
0x080257b8,0x080257F4
0x08025800,0x0802582E
0x08025838,0x08025868
0x08025874,0x080258A2
0x080258ac,0x080258DC
0x080258e8,0x08025916
0x08025920,0x08025950
0x0802595c,0x0802598A
0x08025994,0x080259C4
0x080259d0,0x080259FE
0x08025a08,0x08025A52
0x08025a58,0x08025A8A
0x08025a98,0x08025B62
0x08025b78,0x08025C0A
0x08025c14,0x08025C40
0x08025c4c,0x08025C82
0x08025c84,0x08025D2C
0x08025d50,0x08025EFA
0x08025f5c,0x08025FBA
0x08025fd4,0x0802637A
0x08026380,0x080264BA
0x080264d0,0x08026616
0x08026634,0x0802668E
0x080266ac,0x08026828
0x08026844,0x080268CE
0x080268f4,0x08026AD4
0x08026ae0,0x08026C60
0x08026c64,0x08026D58
0x08026d6c,0x08026DB8
0x08026dd4,0x08026F0A
0x08026f44,0x08027126
0x08027140,0x0802733E
0x08027354,0x08027484
0x080274ac,0x080275A8
0x080275bc,0x08027652
0x08027660,0x0802771E
0x0802772a,0x0802776A
0x08027778,0x08027864
0x0802786c,0x080278A4
0x080278b4,0x080278E8
0x080278f8,0x08027918
0x08027920,0x08027968
0x0802797c,0x080279B4
0x080279c4,0x08027A3E
0x08027a4c,0x08027AD8
0x08027ae8,0x08027B74
0x08027b84,0x08027BF4
0x08027bfc,0x08027C7C
0x08027c8c,0x08027D08
0x08027d18,0x08027D44
0x08027d54,0x08027DB4
0x08027db8,0x08027E38
0x08027e38,0x08027EB8
0x08027eb8,0x08027F38
0x08027f38,0x08027FB8
0x08027fb8,0x08028038
0x08028038,0x080280B8
0x080280b8,0x08028100
0x08028100,0x0802812A
0x0802812c,0x08028156
0x08028158,0x0802818A
0x08028190,0x080281C2
0x080281c8,0x080281FA
0x08028200,0x08028232
0x08028238,0x0802826A
0x08028270,0x080282A2
0x080282a8,0x080282DE
0x080282e0,0x08028316
0x08028318,0x0802834E
0x08028350,0x08028386
0x08028388,0x080283BE
0x080283c0,0x080283F6
0x080283f8,0x080284B0
0x080284b4,0x0802875E
0x08028760,0x0802876E
0x08028770,0x08028810
0x08028814,0x080288AE
0x080288b4,0x08028BC8
0x08028bec,0x08028C76
0x08028c80,0x08028D18
0x08028d30,0x08028EC4
0x08028ed8,0x08028F12
0x08028f1c,0x08028F52
0x08028f5c,0x08028F7C
0x08028f80,0x08028F94
0x08028f98,0x0802900E
0x08029014,0x08029054
0x08029060,0x080290AE
0x080290b4,0x080290DE
0x080290e8,0x08029190
0x080291a8,0x080291F6
0x08029200,0x08029246
0x08029250,0x0802996E
0x080299c0,0x08029B7C
0x08029ba0,0x08029C28
0x08029c2c,0x08029CB6
0x08029cc8,0x08029CF4
0x08029cfc,0x08029D64
0x08029d74,0x08029E4A
0x08029e60,0x0802A0E4
0x0802a0ec,0x0802A21A
0x0802a220,0x0802A298
0x0802a298,0x0802A332
0x0802a34c,0x0802A3EA
0x0802a3f4,0x0802A47A
0x0802a480,0x0802A6F4
0x0802a70c,0x0802A7FE
0x0802a804,0x0802A8F0
0x0802a8f8,0x0802A998
0x0802a9a4,0x0802AC44
0x0802ac48,0x0802AD3E
0x0802ad4c,0x0802AE42
0x0802ae50,0x0802AF28
0x0802af30,0x0802AFAA
0x0802afb0,0x0802AFC4
0x0802afc4,0x0802AFD8
0x0802afd8,0x0802B05E
0x0802b064,0x0802B082
0x0802b08c,0x0802B0EE
0x0802b10c,0x0802B12A
0x0802b134,0x0802B196
0x0802b1b4,0x0802B1D2
0x0802b1dc,0x0802B1FA
0x0802b204,0x0802B246
0x0802b248,0x0802B2C2
0x0802b2d4,0x0802B314
0x0802b31c,0x0802B376
0x0802b388,0x0802B3C4
0x0802b3c8,0x0802B416
0x0802b424,0x0802B432
0x0802b434,0x0802B442
0x0802b444,0x0802B484
0x0802b490,0x0802B628
0x0802b638,0x0802B67A
0x0802b688,0x0802B6E8
0x0802b6e8,0x0802B814
0x0802b81c,0x0802B962
0x0802b980,0x0802C1AC
0x0802c1d4,0x0802C25C
0x0802c25c,0x0802C282
0x0802c28c,0x0802C370
0x0802c37c,0x0802C556
0x0802c56c,0x0802C64A
0x0802c654,0x0802C734
0x0802c734,0x0802C7D4
0x0802c7d8,0x0802C7F6
0x0802c800,0x0802C84A
0x0802c85c,0x0802C884
0x0802c88c,0x0802C906
0x0802c914,0x0802C93C
0x0802c944,0x0802C99A
0x0802c9ac,0x0802C9D4
0x0802c9dc,0x0802CA98
0x0802caac,0x0802CAD4
0x0802cadc,0x0802CB2A
0x0802cb30,0x0802CB5A
0x0802cb64,0x0802CBC0
0x0802cbd0,0x0802CC6C
0x0802cc78,0x0802CFC0
0x0802cfd0,0x0802CFDE
0x0802cfe0,0x0802D0FA
0x0802d134,0x0802D1E0
0x0802d1ec,0x0802D4C4
0x0802d4dc,0x0802D662
0x0802d678,0x0802D718
0x0802d734,0x0802D752
0x0802d75c,0x0802D76A
0x0802d76c,0x0802D8CA
0x0802d8d8,0x0802D952
0x0802d95c,0x0802D97A
0x0802d980,0x0802D9F4
0x0802da00,0x0802DA7C
0x0802da8c,0x0802DB08
0x0802db10,0x0802DB2E
0x0802db34,0x0802DBA8
0x0802dbb4,0x0802DC06
0x0802dc0c,0x0802DC6C
0x0802dc78,0x0802DC90
0x0802dc90,0x0802DCC6
0x0802dcc8,0x0802DCE0
0x0802dce0,0x0802DD16
0x0802dd18,0x0802DE08
0x0802de2c,0x0802DEC0
0x0802ded4,0x0802DF1E
0x0802df40,0x0802DF62
0x0802df68,0x0802DF9C
0x0802e3f8,0x0802E40C
0x0802ea4a,0x0802EA58
0x0802ea64,0x0802EA92
0x0802f1ea,0x0802F22E
0x0802f2de,0x0802F31A
0x0802f31a,0x0802F322
0x0802f328,0x0802F41C
0x0802f428,0x0802F47E
0x0802f488,0x0802F558
0x0802f560,0x0802F72C
0x0802f748,0x0802F75E
0x0802f8f4,0x0802F92A
0x0802f9e4,0x0802FA0E
0x0802fa12,0x0802FA36
0x0802faf6,0x0802FB3E
0x0802fb58,0x0802FB6E
0x0802fbee,0x0802FBFA
0x0802fbfa,0x0802FCA2
0x0802fcb4,0x0802FCCA
0x0802fcf4,0x0802FCF8
0x0802fcfa,0x0802FDE8
0x0802fdf8,0x08030118
0x0803013a,0x0803016A
0x080301f4,0x080302A0
0x080302a0,0x08030326
0x0803035c,0x0803037C
0x08030390,0x080303B6
0x080303cc,0x080303DE
0x080303ec,0x08030408
0x08030408,0x08030446
0x0803044c,0x0803049A
0x080304a4,0x080304D8
0x080304e4,0x080305C2
0x08030600,0x08030608
0x08030608,0x08030652
0x08030704,0x08030706
0x0803075c,0x08030760
0x080307fe,0x08030808
0x0803080e,0x08030884
0x080308ca,0x08030938
0x08030960,0x080309B4
0x080309c0,0x080309D6
0x080309e0,0x080309FC
0x08030a08,0x08030A2C
0x08030a30,0x08030A7E
0x08030a8c,0x08030AC0
0x08030ac8,0x08030B1E
0x08030b38,0x08030B60
0x08030b68,0x08030BBE
0x08030bd8,0x08030C00
0x08030c08,0x08030C5C
0x08030c6e,0x08030CA0
0x08030ca8,0x08030D00
0x08030d02,0x08030D1A
0x08030d20,0x08030D3C
0x08030d3c,0x08030D58
0x08030d58,0x08030DAC
0x08030dac,0x08030E08
0x08030e1c,0x08030E5C
0x08030e6c,0x08030EC6
0x08030ed4,0x08030F2A
0x08030f38,0x080310F4
0x08031154,0x08031162
0x08031164,0x080311A2
0x080311b4,0x08031286
0x0803128c,0x0803129C
0x080312a0,0x080312BE
0x080312c8,0x080312F0
0x080312f8,0x08031310
0x08031310,0x08031384
0x0803139c,0x080313B4
0x08031492,0x08031532
0x08031540,0x08031566
0x0803156c,0x080315AA
0x080315bc,0x08031826
0x0803186c,0x0803187A
0x0803187c,0x08031E54
0x08031e68,0x08032566
0x0803256c,0x0803258A
0x08032594,0x080325DA
0x080325f0,0x0803260E
0x08032618,0x08032678
0x08032724,0x08032772
0x08032778,0x08032790
0x08032790,0x080327B8
0x080327bc,0x080327EC
0x080327ec,0x0803281A
0x0803281c,0x08032A42
0x08032adc,0x08032AEA
0x08032aec,0x08032BDE
0x08032be0,0x08032C4A
0x08032d0c,0x08032E8E
0x08032ea0,0x08032F0E
0x08032f10,0x08032F2C
0x08032f34,0x08032F9A
0x08032f9c,0x08032FDA
0x08032ff8,0x0803302C
0x08033038,0x08033056
0x08033060,0x0803308A
0x08033090,0x080330F8
0x08033104,0x08033152
0x0803315c,0x0803317E
0x08033184,0x080331C4
0x080331d0,0x0803321C
0x08033228,0x0803328E
0x0803329c,0x08033314
0x08033320,0x08033382
0x08033390,0x080333D4
0x080333dc,0x08033400
0x08033404,0x08033426
0x0803342c,0x08033466
0x08033474,0x080334D8
0x080334ec,0x080335D2
0x080335dc,0x0803362A
0x0803362c,0x0803367A
0x0803367c,0x080336AA
0x080336ac,0x080336DA
0x080336dc,0x08033A10
0x08033a1c,0x08033A2A
0x08033a2c,0x08033B4E
0x08033b60,0x08033BAE
0x08033bb4,0x08033BC0
0x08033bc4,0x08033BF0
0x08033bf8,0x08033C16
0x08033c20,0x08033C62
0x08033c74,0x08033CC2
0x08033cc8,0x08033CD6
0x08033cdc,0x08033D08
0x08033d10,0x08033E52
0x08033e60,0x08033F2C
0x08033f68,0x080340A0
0x080340b8,0x0803442C
0x08034430,0x080344CE
0x080344d8,0x08034502
0x08034514,0x080345AE
0x080345cc,0x08034646
0x0803465c,0x08034998
0x080349ac,0x08034D50
0x08034d54,0x08034DB6
0x08034dd0,0x08034E34
0x08034e50,0x08034EA4
0x08034ebc,0x08034EE4
0x08034ef4,0x08034F0E
0x08034f10,0x08034F28
0x08034f28,0x08035220
0x08035258,0x08035266
0x08035268,0x08035400
0x08035408,0x080354EE
0x0803551c,0x080355D8
0x080355f0,0x08035662
0x08035668,0x080356EA
0x080356f8,0x0803574C
0x08035760,0x0803578E
0x08035798,0x080357D4
0x080357d8,0x08035826
0x08035830,0x0803586E
0x0803587c,0x080358A8
0x080358b4,0x080358D4
0x080358dc,0x08035900
0x08035904,0x08035930
0x08035938,0x08035964
0x08035970,0x0803599A
0x080359a4,0x080359D0
0x080359d8,0x08035A26
0x08035a2c,0x08035A52
0x08035a8c,0x08035AC8
0x08035ad8,0x08035B02
0x08035b08,0x08035B24
0x08035b28,0x08035B52
0x08035b58,0x08035B70
0x08035b74,0x08035B9E
0x08035ba4,0x08035BBC
0x08035bc0,0x08035BEA
0x08035bf0,0x08035C08
0x08035c0c,0x08035C24
0x08035c24,0x08035D54
0x08035d8c,0x08035F2A
0x08035f54,0x08035F92
0x08035fac,0x08035FFA
0x08036014,0x08036052
0x0803606c,0x080360AA
0x080360c4,0x08036102
0x0803611c,0x0803615A
0x08036174,0x0803621E
0x08036244,0x0803625C
0x08036260,0x08036284
0x08036288,0x080362A0
0x080362a4,0x080362BC
0x080362c0,0x080362D8
0x080362dc,0x08036318
0x0803631c,0x08036346
0x08036350,0x0803640A
0x08036428,0x080364D6
0x080364d8,0x08036546
0x08036560,0x0803686C
0x08036888,0x08036896
0x08036898,0x080368B8
0x080368c0,0x080368D4
0x080368dc,0x08036CDA
0x08036ce4,0x08036D0E
0x08036d1c,0x08036D40
0x08036d4c,0x08036D7A
0x08036d90,0x08036E02
0x08036e08,0x08036E5A
0x08036e64,0x080370B4
0x080370b8,0x080370FE
0x08037100,0x0803710E
0x08037110,0x08037140
0x08037148,0x080375D0
0x080375d8,0x08037B02
0x08037b10,0x08037C0E
0x08037d44,0x0803805A
0x080380b0,0x080380D0
0x080380e4,0x080380F2
0x080380f4,0x08038172
0x080381a8,0x080381CE
0x080381e4,0x080381F6
0x08038204,0x0803825E
0x08038264,0x080382B2
0x080382bc,0x08038350
0x08038360,0x080383F4
0x08038404,0x0803843C
0x08038448,0x0803868A
0x08038698,0x0803871C
0x08038724,0x08038766
0x0803876c,0x08038782
0x0803878c,0x080387A8
0x080387b4,0x080387D8
0x080387dc,0x08038818
0x08038820,0x08038848
0x08038850,0x08038890
0x080388a0,0x08038912
0x08038918,0x0803894E
0x0803895c,0x08038998
0x080389a8,0x08038A08
0x08038a20,0x08038A6E
0x08038a84,0x08038C72
0x08038c74,0x08038E02
0x08038e04,0x08038F30
0x08038f30,0x08039042
0x08039044,0x08039170
0x08039170,0x0803925E
0x08039260,0x08039372
0x08039374,0x080394C0
0x080394c0,0x08039834
0x0803984c,0x08039B2A
0x08039bac,0x08039C16
0x08039c1c,0x08039C36
0x08039c3c,0x08039C54
0x08039c5c,0x08039C6A
0x08039c6c,0x08039CF6
0x08039d00,0x08039D1E
0x08039d28,0x08039D9A
0x08039da0,0x08039DB8
0x08039dbc,0x08039DD4
0x08039dd8,0x08039E1A
0x08039e20,0x08039F52
0x08039fd0,0x08039FDE
0x08039fe0,0x0803A0DA
0x0803a0f8,0x0803A24A
0x0803a260,0x0803A3AE
0x0803a3b8,0x0803A408
0x0803a428,0x0803A474
0x0803a478,0x0803A4B8
0x0803a4bc,0x0803A9D6
0x0803a9dc,0x0803ADFE
0x0803ae04,0x0803B332
0x0803b3c4,0x0803B454
0x0803b478,0x0803B502
0x0803b53c,0x0803B54A
0x0803b54c,0x0803B572
0x0803b588,0x0803B59A
0x0803b5a8,0x0803B5C8
0x0803b5dc,0x0803B636
0x0803b63c,0x0803B68A
0x0803b694,0x0803B696
0x0803b698,0x0803B69A
0x0803b69c,0x0803B754
0x0803b764,0x0803B81C
0x0803b82c,0x0803BAAE
0x0803bac0,0x0803BB02
0x0803bb08,0x0803BB26
0x0803bb34,0x0803BB4A
0x0803bb54,0x0803BB78
0x0803bb7c,0x0803BBBA
0x0803bbc4,0x0803BBE2
0x0803bbf0,0x0803BC06
0x0803bc10,0x0803BC34
0x0803bc38,0x0803BC66
0x0803bc70,0x0803BCD6
0x0803bcdc,0x0803BD04
0x0803bd0c,0x0803BD4C
0x0803bd5c,0x0803BD84
0x0803bd8c,0x0803BDFE
0x0803be04,0x0803BE40
0x0803be50,0x0803BE92
0x0803bea8,0x0803BEEE
0x0803bef0,0x0803BF50
0x0803bf68,0x0803BFB6
0x0803bfcc,0x0803C378
0x0803c378,0x0803C7CC
0x0803c844,0x0803C852
0x0803c854,0x0803C8DE
0x0803c8e8,0x0803C9B8
0x0803c9c0,0x0803CA8C
0x0803caa4,0x0803CB16
0x0803cb1c,0x0803CB34
0x0803cb38,0x0803CB50
0x0803cb54,0x0803CB62
0x0803cb64,0x0803CF6A
0x0803cf9c,0x0803CFAA
0x0803cfac,0x0803D02E
0x0803d034,0x0803D100
0x0803d100,0x0803D11E
0x0803d128,0x0803D160
0x0803d168,0x0803D198
0x0803d1a0,0x0803D3EA
0x0803d408,0x0803D4FC
0x0803d510,0x0803D62C
0x0803d63c,0x0803D736
0x0803d748,0x0803D80E
0x0803d860,0x0803DCC2
0x0803dd14,0x0803E170
0x0803e1b0,0x0803E6C8
0x0803e6e8,0x0803E73A
0x0803e74c,0x0803E79A
0x0803e7a8,0x0803E8CE
0x0803e8d8,0x0803E9CA
0x0803ec00,0x0803EC40
0x0803edee,0x0803EE08
0x0803ee0a,0x0803EE4A
0x0803ef02,0x0803F08C
0x0803f0c8,0x0803F2EA
0x0803f474,0x0803F4A6
0x0803f510,0x0803F66E
0x0803f6a4,0x0803F7B4
0x0803f7cc,0x0803F810
0x0803f81c,0x0803F8DC
0x0803f8dc,0x0803F9F4
0x0803f9fe,0x0803FA84
0x0803fa90,0x0803FB2C
0x0803fb2c,0x0803FD2A
0x0803fd4c,0x0803FD96
0x0803fd9c,0x0803FE90
0x0803fe98,0x0803FF8E
0x0803ff98,0x0803FFFC
0x0803fffc,0x08040040
0x08040044,0x08040176
0x08040198,0x0804029C
0x080402a0,0x080402B0
0x080402b0,0x0804031A
0x08040328,0x08040334
0x0804033c,0x0804035C
0x08040360,0x080403A2
0x080403ac,0x080403B8
0x080403c0,0x08040402
0x08040408,0x08040460
0x08040460,0x08040468
0x08040470,0x080404CA
0x080404ec,0x08040518
0x0804051c,0x08040568
0x08040578,0x080405A0
0x080405a8,0x080405DA
0x080405e8,0x080405F0
0x080405f4,0x0804061A
0x08040624,0x08040656
0x08040684,0x08040692
0x08040698,0x080406AE
0x080406b4,0x080406C8
0x080406d4,0x08040756
0x08040758,0x08040A0E
0x08040a0e,0x08040B52
0x08040b6c,0x08040BE2
0x08040bec,0x08040C92
0x08040c9c,0x08040D4E
0x08040d6c,0x08040E6A
0x08040e6c,0x08040E8C
0x08040f00,0x08040F32
0x08040ff2,0x08041076
0x08041110,0x080411CA
0x080411fc,0x080412B0
0x080412dc,0x08041442
0x08041458,0x0804152E
0x0804155c,0x080417FA
0x08041808,0x08041858
0x08041860,0x08041904
0x08041920,0x080419BC
0x080419d4,0x08041A70
0x08041a88,0x08041B98
0x08041bac,0x08041C0C
0x08041c14,0x08041D0C
0x08041d0c,0x08041E18
0x08041e2c,0x08041F24
0x08041f24,0x08041F7E
0x08041f84,0x08042044
0x08042044,0x080420C2
0x080420dc,0x08042176
0x08042180,0x08042232
0x0804224c,0x080422F0
0x0804230c,0x080427F4
0x0804280c,0x080428BC
0x080428d0,0x08042EA8
0x08042ea8,0x08043640
0x08043640,0x080436A4
0x080436ac,0x08043A24
0x08043a3c,0x08043CDC
0x08043cf8,0x08043D74
0x08043d74,0x08043D9C
0x08043dac,0x08043E08
0x08043e28,0x08043E3A
0x08043e44,0x08043E58
0x08043e5c,0x08043E5E
0x08043e60,0x08043EA0
0x08043ea0,0x08043EE4
0x08043ee4,0x08043EFC
0x08043f00,0x08043F24
0x08043f2c,0x08043F74
0x08043f7c,0x08043FB6
0x08043fc0,0x080440DE
0x080440e4,0x08044916
0x08044918,0x0804541A
0x0804542c,0x080454B2
0x080454d0,0x0804558E
0x08045590,0x08045634
0x08045644,0x080457D2
0x080457f0,0x08045830
0x08045840,0x08045926
0x08045928,0x080459F2
0x08045a00,0x08045A4E
0x08045a5c,0x08045B14
0x08045b1c,0x08045D22
0x08045d30,0x08045DDA
0x08045df0,0x0804609A
0x080460ac,0x08046192
0x080461b4,0x080462B4
0x080462c8,0x080463D6
0x080463f4,0x08046534
0x08046538,0x08046664
0x0804666c,0x08046908
0x08046918,0x0804698C
0x08046998,0x08046A16
0x08046a18,0x08046AA2
0x08046aa4,0x08046AF8
0x08046af8,0x08046BC0
0x08046bc4,0x08046F00
0x08046f00,0x080470BA
0x080470e4,0x080471D6
0x080471dc,0x0804724C
0x08047258,0x08047372
0x08047384,0x0804743E
0x08047448,0x080475CA
0x080475dc,0x080476D8
0x080476e0,0x080477B6
0x080477c0,0x08047852
0x0804785c,0x080478BE
0x080478c8,0x0804793E
0x08047948,0x080479F8
0x08047a00,0x08047AC4
0x08047acc,0x08047B3E
0x08047b40,0x08047BD6
0x08047bd8,0x08047C2E
0x08047c30,0x08047D12
0x08047d1c,0x08047EB6
0x08047ec4,0x08047F0C
0x08047f20,0x08047F6C
0x08047f7c,0x08047FB6
0x08047fc0,0x08047FDC
0x08047fe4,0x0804800C
0x08048014,0x08048072
0x08048074,0x080480D2
0x080480d4,0x0804813E
0x08048148,0x0804817A
0x08048184,0x080481BE
0x080481c8,0x080481F8
0x08048200,0x08048256
0x0804825c,0x08048280
0x08048284,0x0804829E
0x080482a8,0x080482AE
0x080482b4,0x080482CA
0x080482d0,0x080482E2
0x080482e8,0x080482FA
0x08048300,0x0804832A
0x0804833c,0x08048340
0x0804834c,0x080483B6
0x080483d0,0x0804876E
0x0804876e,0x08048770
0x08048774,0x0804878A
0x0804878c,0x080487AC
0x080487ac,0x080487DA
0x080487dc,0x080487F2
0x080487f4,0x080487F6
0x080487f6,0x0804880C
0x08048810,0x08048812
0x08048812,0x0804881A
0x0804881c,0x0804883C
0x0804883c,0x08048856
0x08048858,0x0804886C
0x0804886c,0x0804889A
0x0804889c,0x080488A6
0x080488a8,0x080488BC
0x080488bc,0x080488CE
0x080488d0,0x080488FE
0x08048900,0x08048912
0x08048914,0x08048928
0x08048928,0x0804893C
0x0804893c,0x0804894E
0x08048950,0x0804895A
0x0804895c,0x08048974
0x08048974,0x08048988
0x08048988,0x0804899C
0x080489a0,0x08048BF8
0x08048bf8,0x08048BFA
0x08048c08,0x08048C46
0x08048c4c,0x08048C7C
0x08048c7c,0x08048E72
0x08048e7c,0x08048EBC
0x08048ebc,0x08048ED6
0x08048ed8,0x08048EE2
0x08048ee4,0x08048EF6
0x08048ef8,0x08048F0A
0x08048f0c,0x08048F68
0x08048f74,0x08048F8C
0x08048f94,0x08048FB2
0x08048fb8,0x0804900C
0x08049030,0x0804903A
0x0804903c,0x08049060
0x08049068,0x080490B2
0x080490b4,0x08049108
0x08049108,0x08049132
0x0804913c,0x08049166
0x08049170,0x08049194
0x0804919c,0x080491A6
0x080491a8,0x080491CC
0x080491d4,0x080491E2
0x080491e4,0x08049200
0x08049208,0x0804922C
0x08049234,0x08049296
0x0804929c,0x08049364
0x080493b4,0x080493B8
0x080493b8,0x080493C6
0x080493cc,0x080493DA
0x080493e0,0x08049498
0x080494d8,0x08049530
0x08049544,0x080495CC
0x080495d8,0x08049624
0x0804962c,0x08049690
0x080496ac,0x08049706
0x08049724,0x08049786
0x080497a4,0x0804980E
0x0804981c,0x080498FA
0x08049900,0x0804993C
0x08049940,0x08049A08
0x08049a08,0x08049ABA
0x08049abc,0x08049B5C
0x08049b64,0x08049BB4
0x08049bb8,0x08049C1E
0x08049c20,0x0804A0A0
0x0804a0a0,0x0804A0C0
0x0804a0c4,0x0804A128
0x0804a12c,0x0804A19C
0x0804a1a0,0x0804A204
0x0804a208,0x0804A22C
0x0804a22c,0x0804A29A
0x0804a2a0,0x0804A30E
0x0804a314,0x0804A46C
0x0804a46c,0x0804A486
0x0804a48c,0x0804A49A
0x0804a4a0,0x0804A4D6
0x0804a4e8,0x0804A4FA
0x0804a4fc,0x0804A50E
0x0804a510,0x0804A522
0x0804a524,0x0804A536
0x0804a538,0x0804A54A
0x0804a54c,0x0804A558
0x0804a558,0x0804A564
0x0804a564,0x0804A576
0x0804a578,0x0804A58A
0x0804a58c,0x0804A58E
